aoi,travel_cut_min,pop_within,cells_within,area_km2_within,pop_pct,cropland_km2,cropland_pct,electrified_cells,electrified_pct,cell_area_km2,note_electrification_denominator_zero,pop_total,cropland_total_km2,electrified_total_cells
benguela,30.0,1857610.5,2010.0,2010.0,56.77631637763281,490.52996826171875,8.532351461354839,541.0,74.93074792243767,1.0,False,3271805.25,5749.0595703125,722.0
benguela,60.0,2157382.5,5902.0,5902.0,65.93859765950312,1225.0299072265625,21.308352996592344,605.0,83.79501385041551,1.0,False,3271805.25,5749.0595703125,722.0
benguela,120.0,2683654.5,17975.0,17975.0,82.0236626247849,2946.539794921875,51.25255285468734,662.0,91.68975069252078,1.0,False,3271805.25,5749.0595703125,722.0
benguela,240.0,3175567.25,37758.0,37758.0,97.05856575662625,5272.58984375,91.71221448073113,680.0,94.18282548476455,1.0,False,3271805.25,5749.0595703125,722.0
