{
  "aoi": "bie",
  "score_median": 0.6397433668306575,
  "poverty_median": 0.5255000000000001
}