{
  "aoi": "moxicoleste",
  "score_median": 0.7318934202194214,
  "poverty_median": 0.7390000000000001
}