{
"type": "FeatureCollection",
"name": "huambo_catchment_boundaries",
"crs": { "type": "name", "properties": { "name": "urn:ogc:def:crs:OGC:1.3:CRS84" } },
"features": [
{ "type": "Feature", "properties": { "threshold_min": 30 }, "geometry": { "type": "Polygon", "coordinates": [ [ [ 15.65, -12.408333333333328 ], [ 15.65, -12.425 ], [ 15.641666666666659, -12.425 ], [ 15.641666666666659, -12.441666666666661 ], [ 15.666666666666659, -12.441666666666661 ], [ 15.666666666666659, -12.45 ], [ 15.658333333333324, -12.45 ], [ 15.658333333333324, -12.466666666666661 ], [ 15.675, -12.466666666666661 ], [ 15.675, -12.483333333333327 ], [ 15.683333333333325, -12.483333333333327 ], [ 15.683333333333325, -12.49166666666666 ], [ 15.658333333333324, -12.49166666666666 ], [ 15.658333333333324, -12.508333333333328 ], [ 15.683333333333325, -12.508333333333328 ], [ 15.683333333333325, -12.5 ], [ 15.691666666666659, -12.5 ], [ 15.691666666666659, -12.508333333333328 ], [ 15.7, -12.508333333333328 ], [ 15.7, -12.525 ], [ 15.716666666666658, -12.525 ], [ 15.716666666666658, -12.533333333333328 ], [ 15.683333333333325, -12.533333333333328 ], [ 15.683333333333325, -12.541666666666661 ], [ 15.675, -12.541666666666661 ], [ 15.675, -12.525 ], [ 15.666666666666659, -12.525 ], [ 15.666666666666659, -12.51666666666666 ], [ 15.658333333333324, -12.51666666666666 ], [ 15.658333333333324, -12.525 ], [ 15.65, -12.525 ], [ 15.65, -12.533333333333328 ], [ 15.658333333333324, -12.533333333333328 ], [ 15.658333333333324, -12.541666666666661 ], [ 15.65, -12.541666666666661 ], [ 15.65, -12.566666666666661 ], [ 15.658333333333324, -12.566666666666661 ], [ 15.658333333333324, -12.558333333333326 ], [ 15.7, -12.558333333333326 ], [ 15.7, -12.566666666666661 ], [ 15.716666666666658, -12.566666666666661 ], [ 15.716666666666658, -12.59166666666666 ], [ 15.708333333333325, -12.59166666666666 ], [ 15.708333333333325, -12.6 ], [ 15.716666666666658, -12.6 ], [ 15.716666666666658, -12.608333333333327 ], [ 15.733333333333325, -12.608333333333327 ], [ 15.733333333333325, -12.61666666666666 ], [ 15.716666666666658, -12.61666666666666 ], [ 15.716666666666658, -12.65 ], [ 15.7, -12.65 ], [ 15.7, -12.691666666666659 ], [ 15.691666666666659, -12.691666666666659 ], [ 15.691666666666659, -12.7 ], [ 15.683333333333325, -12.7 ], [ 15.683333333333325, -12.725 ], [ 15.675, -12.725 ], [ 15.675, -12.71666666666666 ], [ 15.658333333333324, -12.71666666666666 ], [ 15.658333333333324, -12.708333333333327 ], [ 15.65, -12.708333333333327 ], [ 15.65, -12.733333333333327 ], [ 15.616666666666658, -12.733333333333327 ], [ 15.616666666666658, -12.725 ], [ 15.625, -12.725 ], [ 15.625, -12.71666666666666 ], [ 15.633333333333326, -12.71666666666666 ], [ 15.633333333333326, -12.708333333333327 ], [ 15.616666666666658, -12.708333333333327 ], [ 15.616666666666658, -12.71666666666666 ], [ 15.608333333333325, -12.71666666666666 ], [ 15.608333333333325, -12.708333333333327 ], [ 15.591666666666658, -12.708333333333327 ], [ 15.591666666666658, -12.725 ], [ 15.575, -12.725 ], [ 15.575, -12.733333333333327 ], [ 15.558333333333325, -12.733333333333327 ], [ 15.558333333333325, -12.7 ], [ 15.541666666666659, -12.7 ], [ 15.541666666666659, -12.683333333333326 ], [ 15.508333333333326, -12.683333333333326 ], [ 15.508333333333326, -12.7 ], [ 15.525, -12.7 ], [ 15.525, -12.733333333333327 ], [ 15.516666666666659, -12.733333333333327 ], [ 15.516666666666659, -12.725 ], [ 15.491666666666658, -12.725 ], [ 15.491666666666658, -12.71666666666666 ], [ 15.483333333333325, -12.71666666666666 ], [ 15.483333333333325, -12.725 ], [ 15.475, -12.725 ], [ 15.475, -12.74166666666666 ], [ 15.5, -12.74166666666666 ], [ 15.5, -12.775 ], [ 15.508333333333326, -12.775 ], [ 15.508333333333326, -12.791666666666661 ], [ 15.516666666666659, -12.791666666666661 ], [ 15.516666666666659, -12.816666666666659 ], [ 15.508333333333326, -12.816666666666659 ], [ 15.508333333333326, -12.808333333333326 ], [ 15.483333333333325, -12.808333333333326 ], [ 15.483333333333325, -12.816666666666659 ], [ 15.466666666666658, -12.816666666666659 ], [ 15.466666666666658, -12.8 ], [ 15.475, -12.8 ], [ 15.475, -12.791666666666661 ], [ 15.466666666666658, -12.791666666666661 ], [ 15.466666666666658, -12.783333333333326 ], [ 15.458333333333325, -12.783333333333326 ], [ 15.458333333333325, -12.775 ], [ 15.466666666666658, -12.775 ], [ 15.466666666666658, -12.758333333333328 ], [ 15.458333333333325, -12.758333333333328 ], [ 15.458333333333325, -12.75 ], [ 15.45, -12.75 ], [ 15.45, -12.758333333333328 ], [ 15.433333333333325, -12.758333333333328 ], [ 15.433333333333325, -12.76666666666666 ], [ 15.425, -12.76666666666666 ], [ 15.425, -12.783333333333326 ], [ 15.441666666666659, -12.783333333333326 ], [ 15.441666666666659, -12.833333333333327 ], [ 15.433333333333325, -12.833333333333327 ], [ 15.433333333333325, -12.85 ], [ 15.425, -12.85 ], [ 15.425, -12.86666666666666 ], [ 15.416666666666659, -12.86666666666666 ], [ 15.416666666666659, -12.858333333333327 ], [ 15.383333333333326, -12.858333333333327 ], [ 15.383333333333326, -12.85 ], [ 15.375, -12.85 ], [ 15.375, -12.84166666666666 ], [ 15.383333333333326, -12.84166666666666 ], [ 15.383333333333326, -12.833333333333327 ], [ 15.35, -12.833333333333327 ], [ 15.35, -12.85 ], [ 15.358333333333325, -12.85 ], [ 15.358333333333325, -12.86666666666666 ], [ 15.366666666666658, -12.86666666666666 ], [ 15.366666666666658, -12.875 ], [ 15.35, -12.875 ], [ 15.35, -12.883333333333326 ], [ 15.341666666666658, -12.883333333333326 ], [ 15.341666666666658, -12.9 ], [ 15.358333333333325, -12.9 ], [ 15.358333333333325, -12.925 ], [ 15.35, -12.925 ], [ 15.35, -12.933333333333326 ], [ 15.333333333333325, -12.933333333333326 ], [ 15.333333333333325, -12.916666666666661 ], [ 15.316666666666659, -12.916666666666661 ], [ 15.316666666666659, -12.925 ], [ 15.308333333333325, -12.925 ], [ 15.308333333333325, -12.933333333333326 ], [ 15.325, -12.933333333333326 ], [ 15.325, -12.941666666666659 ], [ 15.333333333333325, -12.941666666666659 ], [ 15.333333333333325, -12.958333333333327 ], [ 15.366666666666658, -12.958333333333327 ], [ 15.366666666666658, -12.941666666666659 ], [ 15.358333333333325, -12.941666666666659 ], [ 15.358333333333325, -12.933333333333326 ], [ 15.366666666666658, -12.933333333333326 ], [ 15.366666666666658, -12.925 ], [ 15.375, -12.925 ], [ 15.375, -12.916666666666661 ], [ 15.383333333333326, -12.916666666666661 ], [ 15.383333333333326, -12.925 ], [ 15.4, -12.925 ], [ 15.4, -12.908333333333326 ], [ 15.416666666666659, -12.908333333333326 ], [ 15.416666666666659, -12.9 ], [ 15.441666666666659, -12.9 ], [ 15.441666666666659, -12.89166666666666 ], [ 15.45, -12.89166666666666 ], [ 15.45, -12.875 ], [ 15.475, -12.875 ], [ 15.475, -12.89166666666666 ], [ 15.458333333333325, -12.89166666666666 ], [ 15.458333333333325, -12.925 ], [ 15.466666666666658, -12.925 ], [ 15.466666666666658, -12.933333333333326 ], [ 15.458333333333325, -12.933333333333326 ], [ 15.458333333333325, -12.95 ], [ 15.466666666666658, -12.95 ], [ 15.466666666666658, -12.958333333333327 ], [ 15.483333333333325, -12.958333333333327 ], [ 15.483333333333325, -12.975 ], [ 15.475, -12.975 ], [ 15.475, -12.99166666666666 ], [ 15.483333333333325, -12.99166666666666 ], [ 15.483333333333325, -12.983333333333327 ], [ 15.491666666666658, -12.983333333333327 ], [ 15.491666666666658, -12.99166666666666 ], [ 15.508333333333326, -12.99166666666666 ], [ 15.508333333333326, -12.983333333333327 ], [ 15.5, -12.983333333333327 ], [ 15.5, -12.975 ], [ 15.491666666666658, -12.975 ], [ 15.491666666666658, -12.958333333333327 ], [ 15.5, -12.958333333333327 ], [ 15.5, -12.941666666666659 ], [ 15.508333333333326, -12.941666666666659 ], [ 15.508333333333326, -12.933333333333326 ], [ 15.516666666666659, -12.933333333333326 ], [ 15.516666666666659, -12.916666666666661 ], [ 15.525, -12.916666666666661 ], [ 15.525, -12.925 ], [ 15.55, -12.925 ], [ 15.55, -12.916666666666661 ], [ 15.558333333333325, -12.916666666666661 ], [ 15.558333333333325, -12.95 ], [ 15.566666666666659, -12.95 ], [ 15.566666666666659, -12.958333333333327 ], [ 15.558333333333325, -12.958333333333327 ], [ 15.558333333333325, -12.96666666666666 ], [ 15.566666666666659, -12.96666666666666 ], [ 15.566666666666659, -12.983333333333327 ], [ 15.558333333333325, -12.983333333333327 ], [ 15.558333333333325, -12.99166666666666 ], [ 15.55, -12.99166666666666 ], [ 15.55, -13.0 ], [ 15.575, -13.0 ], [ 15.575, -12.975 ], [ 15.583333333333325, -12.975 ], [ 15.583333333333325, -12.96666666666666 ], [ 15.591666666666658, -12.96666666666666 ], [ 15.591666666666658, -12.95 ], [ 15.6, -12.95 ], [ 15.6, -12.96666666666666 ], [ 15.608333333333325, -12.96666666666666 ], [ 15.608333333333325, -12.975 ], [ 15.616666666666658, -12.975 ], [ 15.616666666666658, -12.983333333333327 ], [ 15.608333333333325, -12.983333333333327 ], [ 15.608333333333325, -12.99166666666666 ], [ 15.625, -12.99166666666666 ], [ 15.625, -13.0 ], [ 15.633333333333326, -13.0 ], [ 15.633333333333326, -13.008333333333326 ], [ 15.625, -13.008333333333326 ], [ 15.625, -13.033333333333326 ], [ 15.633333333333326, -13.033333333333326 ], [ 15.633333333333326, -13.041666666666661 ], [ 15.625, -13.041666666666661 ], [ 15.625, -13.05 ], [ 15.633333333333326, -13.05 ], [ 15.633333333333326, -13.066666666666659 ], [ 15.641666666666659, -13.066666666666659 ], [ 15.641666666666659, -13.05 ], [ 15.65, -13.05 ], [ 15.65, -13.041666666666661 ], [ 15.641666666666659, -13.041666666666661 ], [ 15.641666666666659, -13.0 ], [ 15.658333333333324, -13.0 ], [ 15.658333333333324, -13.008333333333326 ], [ 15.666666666666659, -13.008333333333326 ], [ 15.666666666666659, -13.01666666666666 ], [ 15.675, -13.01666666666666 ], [ 15.675, -13.0 ], [ 15.666666666666659, -13.0 ], [ 15.666666666666659, -12.983333333333327 ], [ 15.691666666666659, -12.983333333333327 ], [ 15.691666666666659, -12.975 ], [ 15.675, -12.975 ], [ 15.675, -12.958333333333327 ], [ 15.666666666666659, -12.958333333333327 ], [ 15.666666666666659, -12.95 ], [ 15.683333333333325, -12.95 ], [ 15.683333333333325, -12.941666666666659 ], [ 15.675, -12.941666666666659 ], [ 15.675, -12.933333333333326 ], [ 15.683333333333325, -12.933333333333326 ], [ 15.683333333333325, -12.9 ], [ 15.675, -12.9 ], [ 15.675, -12.908333333333326 ], [ 15.65, -12.908333333333326 ], [ 15.65, -12.9 ], [ 15.641666666666659, -12.9 ], [ 15.641666666666659, -12.89166666666666 ], [ 15.633333333333326, -12.89166666666666 ], [ 15.633333333333326, -12.883333333333326 ], [ 15.625, -12.883333333333326 ], [ 15.625, -12.85 ], [ 15.65, -12.85 ], [ 15.65, -12.84166666666666 ], [ 15.658333333333324, -12.84166666666666 ], [ 15.658333333333324, -12.85 ], [ 15.691666666666659, -12.85 ], [ 15.691666666666659, -12.86666666666666 ], [ 15.716666666666658, -12.86666666666666 ], [ 15.716666666666658, -12.858333333333327 ], [ 15.733333333333325, -12.858333333333327 ], [ 15.733333333333325, -12.85 ], [ 15.75, -12.85 ], [ 15.75, -12.858333333333327 ], [ 15.766666666666659, -12.858333333333327 ], [ 15.766666666666659, -12.85 ], [ 15.775, -12.85 ], [ 15.775, -12.833333333333327 ], [ 15.783333333333324, -12.833333333333327 ], [ 15.783333333333324, -12.825 ], [ 15.791666666666659, -12.825 ], [ 15.791666666666659, -12.816666666666659 ], [ 15.8, -12.816666666666659 ], [ 15.8, -12.8 ], [ 15.825, -12.8 ], [ 15.825, -12.791666666666661 ], [ 15.841666666666658, -12.791666666666661 ], [ 15.841666666666658, -12.8 ], [ 15.85, -12.8 ], [ 15.85, -12.791666666666661 ], [ 15.875, -12.791666666666661 ], [ 15.875, -12.775 ], [ 15.866666666666658, -12.775 ], [ 15.866666666666658, -12.76666666666666 ], [ 15.85, -12.76666666666666 ], [ 15.85, -12.74166666666666 ], [ 15.833333333333325, -12.74166666666666 ], [ 15.833333333333325, -12.733333333333327 ], [ 15.841666666666658, -12.733333333333327 ], [ 15.841666666666658, -12.725 ], [ 15.85, -12.725 ], [ 15.85, -12.71666666666666 ], [ 15.858333333333325, -12.71666666666666 ], [ 15.858333333333325, -12.683333333333326 ], [ 15.841666666666658, -12.683333333333326 ], [ 15.841666666666658, -12.691666666666659 ], [ 15.833333333333325, -12.691666666666659 ], [ 15.833333333333325, -12.658333333333328 ], [ 15.816666666666659, -12.658333333333328 ], [ 15.816666666666659, -12.633333333333328 ], [ 15.825, -12.633333333333328 ], [ 15.825, -12.64166666666666 ], [ 15.85, -12.64166666666666 ], [ 15.85, -12.625 ], [ 15.858333333333325, -12.625 ], [ 15.858333333333325, -12.608333333333327 ], [ 15.85, -12.608333333333327 ], [ 15.85, -12.61666666666666 ], [ 15.841666666666658, -12.61666666666666 ], [ 15.841666666666658, -12.6 ], [ 15.833333333333325, -12.6 ], [ 15.833333333333325, -12.583333333333327 ], [ 15.841666666666658, -12.583333333333327 ], [ 15.841666666666658, -12.566666666666661 ], [ 15.85, -12.566666666666661 ], [ 15.85, -12.558333333333326 ], [ 15.841666666666658, -12.558333333333326 ], [ 15.841666666666658, -12.541666666666661 ], [ 15.858333333333325, -12.541666666666661 ], [ 15.858333333333325, -12.533333333333328 ], [ 15.841666666666658, -12.533333333333328 ], [ 15.841666666666658, -12.525 ], [ 15.85, -12.525 ], [ 15.85, -12.51666666666666 ], [ 15.833333333333325, -12.51666666666666 ], [ 15.833333333333325, -12.525 ], [ 15.825, -12.525 ], [ 15.825, -12.51666666666666 ], [ 15.816666666666659, -12.51666666666666 ], [ 15.816666666666659, -12.508333333333328 ], [ 15.808333333333325, -12.508333333333328 ], [ 15.808333333333325, -12.51666666666666 ], [ 15.791666666666659, -12.51666666666666 ], [ 15.791666666666659, -12.525 ], [ 15.783333333333324, -12.525 ], [ 15.783333333333324, -12.51666666666666 ], [ 15.775, -12.51666666666666 ], [ 15.775, -12.533333333333328 ], [ 15.758333333333326, -12.533333333333328 ], [ 15.758333333333326, -12.475 ], [ 15.766666666666659, -12.475 ], [ 15.766666666666659, -12.466666666666661 ], [ 15.758333333333326, -12.466666666666661 ], [ 15.758333333333326, -12.458333333333327 ], [ 15.75, -12.458333333333327 ], [ 15.75, -12.45 ], [ 15.733333333333325, -12.45 ], [ 15.733333333333325, -12.441666666666661 ], [ 15.725, -12.441666666666661 ], [ 15.725, -12.416666666666661 ], [ 15.708333333333325, -12.416666666666661 ], [ 15.708333333333325, -12.425 ], [ 15.7, -12.425 ], [ 15.7, -12.433333333333326 ], [ 15.708333333333325, -12.433333333333326 ], [ 15.708333333333325, -12.45 ], [ 15.7, -12.45 ], [ 15.7, -12.441666666666661 ], [ 15.691666666666659, -12.441666666666661 ], [ 15.691666666666659, -12.425 ], [ 15.683333333333325, -12.425 ], [ 15.683333333333325, -12.441666666666661 ], [ 15.675, -12.441666666666661 ], [ 15.675, -12.433333333333326 ], [ 15.666666666666659, -12.433333333333326 ], [ 15.666666666666659, -12.416666666666661 ], [ 15.658333333333324, -12.416666666666661 ], [ 15.658333333333324, -12.408333333333328 ], [ 15.65, -12.408333333333328 ] ], [ [ 15.666666666666659, -12.45 ], [ 15.675, -12.45 ], [ 15.675, -12.458333333333327 ], [ 15.666666666666659, -12.458333333333327 ], [ 15.666666666666659, -12.45 ] ], [ [ 15.716666666666658, -12.45 ], [ 15.725, -12.45 ], [ 15.725, -12.466666666666661 ], [ 15.716666666666658, -12.466666666666661 ], [ 15.716666666666658, -12.45 ] ], [ [ 15.8, -12.533333333333328 ], [ 15.808333333333325, -12.533333333333328 ], [ 15.808333333333325, -12.541666666666661 ], [ 15.8, -12.541666666666661 ], [ 15.8, -12.533333333333328 ] ], [ [ 15.816666666666659, -12.558333333333326 ], [ 15.825, -12.558333333333326 ], [ 15.825, -12.6 ], [ 15.816666666666659, -12.6 ], [ 15.816666666666659, -12.59166666666666 ], [ 15.808333333333325, -12.59166666666666 ], [ 15.808333333333325, -12.566666666666661 ], [ 15.816666666666659, -12.566666666666661 ], [ 15.816666666666659, -12.558333333333326 ] ], [ [ 15.533333333333326, -12.7 ], [ 15.541666666666659, -12.7 ], [ 15.541666666666659, -12.708333333333327 ], [ 15.533333333333326, -12.708333333333327 ], [ 15.533333333333326, -12.7 ] ], [ [ 15.825, -12.71666666666666 ], [ 15.833333333333325, -12.71666666666666 ], [ 15.833333333333325, -12.725 ], [ 15.825, -12.725 ], [ 15.825, -12.71666666666666 ] ], [ [ 15.583333333333325, -12.733333333333327 ], [ 15.591666666666658, -12.733333333333327 ], [ 15.591666666666658, -12.74166666666666 ], [ 15.583333333333325, -12.74166666666666 ], [ 15.583333333333325, -12.733333333333327 ] ], [ [ 15.55, -12.74166666666666 ], [ 15.558333333333325, -12.74166666666666 ], [ 15.558333333333325, -12.75 ], [ 15.566666666666659, -12.75 ], [ 15.566666666666659, -12.74166666666666 ], [ 15.575, -12.74166666666666 ], [ 15.575, -12.758333333333328 ], [ 15.583333333333325, -12.758333333333328 ], [ 15.583333333333325, -12.75 ], [ 15.591666666666658, -12.75 ], [ 15.591666666666658, -12.76666666666666 ], [ 15.6, -12.76666666666666 ], [ 15.6, -12.775 ], [ 15.608333333333325, -12.775 ], [ 15.608333333333325, -12.783333333333326 ], [ 15.575, -12.783333333333326 ], [ 15.575, -12.791666666666661 ], [ 15.566666666666659, -12.791666666666661 ], [ 15.566666666666659, -12.8 ], [ 15.558333333333325, -12.8 ], [ 15.558333333333325, -12.791666666666661 ], [ 15.55, -12.791666666666661 ], [ 15.55, -12.783333333333326 ], [ 15.541666666666659, -12.783333333333326 ], [ 15.541666666666659, -12.76666666666666 ], [ 15.55, -12.76666666666666 ], [ 15.55, -12.74166666666666 ] ], [ [ 15.791666666666659, -12.783333333333326 ], [ 15.8, -12.783333333333326 ], [ 15.8, -12.8 ], [ 15.791666666666659, -12.8 ], [ 15.791666666666659, -12.783333333333326 ] ], [ [ 15.65, -12.916666666666661 ], [ 15.658333333333324, -12.916666666666661 ], [ 15.658333333333324, -12.925 ], [ 15.666666666666659, -12.925 ], [ 15.666666666666659, -12.941666666666659 ], [ 15.658333333333324, -12.941666666666659 ], [ 15.658333333333324, -12.933333333333326 ], [ 15.65, -12.933333333333326 ], [ 15.65, -12.916666666666661 ] ], [ [ 15.633333333333326, -12.941666666666659 ], [ 15.641666666666659, -12.941666666666659 ], [ 15.641666666666659, -12.95 ], [ 15.633333333333326, -12.95 ], [ 15.633333333333326, -12.941666666666659 ] ] ] } },
{ "type": "Feature", "properties": { "threshold_min": 60 }, "geometry": { "type": "Polygon", "coordinates": [ [ [ 15.533333333333326, -12.183333333333328 ], [ 15.533333333333326, -12.191666666666661 ], [ 15.541666666666659, -12.191666666666661 ], [ 15.541666666666659, -12.216666666666661 ], [ 15.533333333333326, -12.216666666666661 ], [ 15.533333333333326, -12.208333333333327 ], [ 15.516666666666659, -12.208333333333327 ], [ 15.516666666666659, -12.216666666666661 ], [ 15.508333333333326, -12.216666666666661 ], [ 15.508333333333326, -12.225 ], [ 15.516666666666659, -12.225 ], [ 15.516666666666659, -12.233333333333327 ], [ 15.525, -12.233333333333327 ], [ 15.525, -12.25 ], [ 15.533333333333326, -12.25 ], [ 15.533333333333326, -12.24166666666666 ], [ 15.55, -12.24166666666666 ], [ 15.55, -12.258333333333328 ], [ 15.533333333333326, -12.258333333333328 ], [ 15.533333333333326, -12.283333333333328 ], [ 15.541666666666659, -12.283333333333328 ], [ 15.541666666666659, -12.26666666666666 ], [ 15.55, -12.26666666666666 ], [ 15.55, -12.3 ], [ 15.541666666666659, -12.3 ], [ 15.541666666666659, -12.316666666666661 ], [ 15.55, -12.316666666666661 ], [ 15.55, -12.308333333333326 ], [ 15.558333333333325, -12.308333333333326 ], [ 15.558333333333325, -12.291666666666661 ], [ 15.575, -12.291666666666661 ], [ 15.575, -12.325 ], [ 15.583333333333325, -12.325 ], [ 15.583333333333325, -12.333333333333327 ], [ 15.6, -12.333333333333327 ], [ 15.6, -12.341666666666661 ], [ 15.591666666666658, -12.341666666666661 ], [ 15.591666666666658, -12.358333333333327 ], [ 15.583333333333325, -12.358333333333327 ], [ 15.583333333333325, -12.383333333333328 ], [ 15.558333333333325, -12.383333333333328 ], [ 15.558333333333325, -12.4 ], [ 15.55, -12.4 ], [ 15.55, -12.408333333333328 ], [ 15.541666666666659, -12.408333333333328 ], [ 15.541666666666659, -12.425 ], [ 15.533333333333326, -12.425 ], [ 15.533333333333326, -12.433333333333326 ], [ 15.5, -12.433333333333326 ], [ 15.5, -12.466666666666661 ], [ 15.508333333333326, -12.466666666666661 ], [ 15.508333333333326, -12.458333333333327 ], [ 15.525, -12.458333333333327 ], [ 15.525, -12.466666666666661 ], [ 15.533333333333326, -12.466666666666661 ], [ 15.533333333333326, -12.45 ], [ 15.541666666666659, -12.45 ], [ 15.541666666666659, -12.458333333333327 ], [ 15.575, -12.458333333333327 ], [ 15.575, -12.45 ], [ 15.6, -12.45 ], [ 15.6, -12.458333333333327 ], [ 15.608333333333325, -12.458333333333327 ], [ 15.608333333333325, -12.466666666666661 ], [ 15.625, -12.466666666666661 ], [ 15.625, -12.458333333333327 ], [ 15.641666666666659, -12.458333333333327 ], [ 15.641666666666659, -12.475 ], [ 15.633333333333326, -12.475 ], [ 15.633333333333326, -12.483333333333327 ], [ 15.625, -12.483333333333327 ], [ 15.625, -12.475 ], [ 15.583333333333325, -12.475 ], [ 15.583333333333325, -12.483333333333327 ], [ 15.575, -12.483333333333327 ], [ 15.575, -12.5 ], [ 15.566666666666659, -12.5 ], [ 15.566666666666659, -12.49166666666666 ], [ 15.558333333333325, -12.49166666666666 ], [ 15.558333333333325, -12.475 ], [ 15.55, -12.475 ], [ 15.55, -12.49166666666666 ], [ 15.541666666666659, -12.49166666666666 ], [ 15.541666666666659, -12.483333333333327 ], [ 15.533333333333326, -12.483333333333327 ], [ 15.533333333333326, -12.5 ], [ 15.525, -12.5 ], [ 15.525, -12.51666666666666 ], [ 15.533333333333326, -12.51666666666666 ], [ 15.533333333333326, -12.533333333333328 ], [ 15.55, -12.533333333333328 ], [ 15.55, -12.55 ], [ 15.558333333333325, -12.55 ], [ 15.558333333333325, -12.575 ], [ 15.541666666666659, -12.575 ], [ 15.541666666666659, -12.566666666666661 ], [ 15.55, -12.566666666666661 ], [ 15.55, -12.558333333333326 ], [ 15.525, -12.558333333333326 ], [ 15.525, -12.566666666666661 ], [ 15.516666666666659, -12.566666666666661 ], [ 15.516666666666659, -12.575 ], [ 15.533333333333326, -12.575 ], [ 15.533333333333326, -12.583333333333327 ], [ 15.525, -12.583333333333327 ], [ 15.525, -12.59166666666666 ], [ 15.516666666666659, -12.59166666666666 ], [ 15.516666666666659, -12.608333333333327 ], [ 15.508333333333326, -12.608333333333327 ], [ 15.508333333333326, -12.59166666666666 ], [ 15.491666666666658, -12.59166666666666 ], [ 15.491666666666658, -12.575 ], [ 15.483333333333325, -12.575 ], [ 15.483333333333325, -12.558333333333326 ], [ 15.5, -12.558333333333326 ], [ 15.5, -12.55 ], [ 15.483333333333325, -12.55 ], [ 15.483333333333325, -12.533333333333328 ], [ 15.475, -12.533333333333328 ], [ 15.475, -12.541666666666661 ], [ 15.458333333333325, -12.541666666666661 ], [ 15.458333333333325, -12.558333333333326 ], [ 15.45, -12.558333333333326 ], [ 15.45, -12.55 ], [ 15.433333333333325, -12.55 ], [ 15.433333333333325, -12.558333333333326 ], [ 15.441666666666659, -12.558333333333326 ], [ 15.441666666666659, -12.566666666666661 ], [ 15.45, -12.566666666666661 ], [ 15.45, -12.575 ], [ 15.425, -12.575 ], [ 15.425, -12.59166666666666 ], [ 15.45, -12.59166666666666 ], [ 15.45, -12.608333333333327 ], [ 15.433333333333325, -12.608333333333327 ], [ 15.433333333333325, -12.61666666666666 ], [ 15.425, -12.61666666666666 ], [ 15.425, -12.625 ], [ 15.408333333333326, -12.625 ], [ 15.408333333333326, -12.608333333333327 ], [ 15.391666666666659, -12.608333333333327 ], [ 15.391666666666659, -12.64166666666666 ], [ 15.408333333333326, -12.64166666666666 ], [ 15.408333333333326, -12.65 ], [ 15.383333333333326, -12.65 ], [ 15.383333333333326, -12.658333333333328 ], [ 15.391666666666659, -12.658333333333328 ], [ 15.391666666666659, -12.666666666666661 ], [ 15.4, -12.666666666666661 ], [ 15.4, -12.658333333333328 ], [ 15.416666666666659, -12.658333333333328 ], [ 15.416666666666659, -12.675 ], [ 15.408333333333326, -12.675 ], [ 15.408333333333326, -12.683333333333326 ], [ 15.416666666666659, -12.683333333333326 ], [ 15.416666666666659, -12.708333333333327 ], [ 15.408333333333326, -12.708333333333327 ], [ 15.408333333333326, -12.71666666666666 ], [ 15.4, -12.71666666666666 ], [ 15.4, -12.725 ], [ 15.391666666666659, -12.725 ], [ 15.391666666666659, -12.74166666666666 ], [ 15.4, -12.74166666666666 ], [ 15.4, -12.733333333333327 ], [ 15.408333333333326, -12.733333333333327 ], [ 15.408333333333326, -12.75 ], [ 15.4, -12.75 ], [ 15.4, -12.758333333333328 ], [ 15.391666666666659, -12.758333333333328 ], [ 15.391666666666659, -12.783333333333326 ], [ 15.366666666666658, -12.783333333333326 ], [ 15.366666666666658, -12.791666666666661 ], [ 15.35, -12.791666666666661 ], [ 15.35, -12.783333333333326 ], [ 15.341666666666658, -12.783333333333326 ], [ 15.341666666666658, -12.791666666666661 ], [ 15.333333333333325, -12.791666666666661 ], [ 15.333333333333325, -12.8 ], [ 15.325, -12.8 ], [ 15.325, -12.833333333333327 ], [ 15.333333333333325, -12.833333333333327 ], [ 15.333333333333325, -12.86666666666666 ], [ 15.325, -12.86666666666666 ], [ 15.325, -12.875 ], [ 15.316666666666659, -12.875 ], [ 15.316666666666659, -12.9 ], [ 15.283333333333326, -12.9 ], [ 15.283333333333326, -12.89166666666666 ], [ 15.291666666666659, -12.89166666666666 ], [ 15.291666666666659, -12.883333333333326 ], [ 15.3, -12.883333333333326 ], [ 15.3, -12.875 ], [ 15.291666666666659, -12.875 ], [ 15.291666666666659, -12.86666666666666 ], [ 15.258333333333326, -12.86666666666666 ], [ 15.258333333333326, -12.858333333333327 ], [ 15.25, -12.858333333333327 ], [ 15.25, -12.85 ], [ 15.241666666666658, -12.85 ], [ 15.241666666666658, -12.833333333333327 ], [ 15.233333333333325, -12.833333333333327 ], [ 15.233333333333325, -12.8 ], [ 15.225, -12.8 ], [ 15.225, -12.791666666666661 ], [ 15.216666666666658, -12.791666666666661 ], [ 15.216666666666658, -12.808333333333326 ], [ 15.225, -12.808333333333326 ], [ 15.225, -12.833333333333327 ], [ 15.216666666666658, -12.833333333333327 ], [ 15.216666666666658, -12.875 ], [ 15.225, -12.875 ], [ 15.225, -12.883333333333326 ], [ 15.208333333333325, -12.883333333333326 ], [ 15.208333333333325, -12.875 ], [ 15.2, -12.875 ], [ 15.2, -12.86666666666666 ], [ 15.15, -12.86666666666666 ], [ 15.15, -12.858333333333327 ], [ 15.141666666666659, -12.858333333333327 ], [ 15.141666666666659, -12.85 ], [ 15.133333333333326, -12.85 ], [ 15.133333333333326, -12.858333333333327 ], [ 15.125, -12.858333333333327 ], [ 15.125, -12.84166666666666 ], [ 15.133333333333326, -12.84166666666666 ], [ 15.133333333333326, -12.833333333333327 ], [ 15.116666666666658, -12.833333333333327 ], [ 15.116666666666658, -12.85 ], [ 15.075, -12.85 ], [ 15.075, -12.858333333333327 ], [ 15.066666666666659, -12.858333333333327 ], [ 15.066666666666659, -12.86666666666666 ], [ 15.09166666666666, -12.86666666666666 ], [ 15.09166666666666, -12.858333333333327 ], [ 15.108333333333325, -12.858333333333327 ], [ 15.108333333333325, -12.86666666666666 ], [ 15.125, -12.86666666666666 ], [ 15.125, -12.875 ], [ 15.133333333333326, -12.875 ], [ 15.133333333333326, -12.883333333333326 ], [ 15.141666666666659, -12.883333333333326 ], [ 15.141666666666659, -12.908333333333326 ], [ 15.15, -12.908333333333326 ], [ 15.15, -12.916666666666661 ], [ 15.166666666666659, -12.916666666666661 ], [ 15.166666666666659, -12.925 ], [ 15.183333333333325, -12.925 ], [ 15.183333333333325, -12.941666666666659 ], [ 15.175, -12.941666666666659 ], [ 15.175, -12.95 ], [ 15.158333333333326, -12.95 ], [ 15.158333333333326, -12.96666666666666 ], [ 15.191666666666659, -12.96666666666666 ], [ 15.191666666666659, -12.975 ], [ 15.183333333333325, -12.975 ], [ 15.183333333333325, -12.983333333333327 ], [ 15.175, -12.983333333333327 ], [ 15.175, -12.99166666666666 ], [ 15.183333333333325, -12.99166666666666 ], [ 15.183333333333325, -13.0 ], [ 15.191666666666659, -13.0 ], [ 15.191666666666659, -12.983333333333327 ], [ 15.2, -12.983333333333327 ], [ 15.2, -12.975 ], [ 15.208333333333325, -12.975 ], [ 15.208333333333325, -13.008333333333326 ], [ 15.216666666666658, -13.008333333333326 ], [ 15.216666666666658, -13.01666666666666 ], [ 15.225, -13.01666666666666 ], [ 15.225, -13.0 ], [ 15.216666666666658, -13.0 ], [ 15.216666666666658, -12.99166666666666 ], [ 15.225, -12.99166666666666 ], [ 15.225, -12.983333333333327 ], [ 15.233333333333325, -12.983333333333327 ], [ 15.233333333333325, -12.958333333333327 ], [ 15.266666666666659, -12.958333333333327 ], [ 15.266666666666659, -12.975 ], [ 15.275, -12.975 ], [ 15.275, -12.983333333333327 ], [ 15.283333333333326, -12.983333333333327 ], [ 15.283333333333326, -12.99166666666666 ], [ 15.291666666666659, -12.99166666666666 ], [ 15.291666666666659, -13.0 ], [ 15.316666666666659, -13.0 ], [ 15.316666666666659, -13.008333333333326 ], [ 15.325, -13.008333333333326 ], [ 15.325, -13.01666666666666 ], [ 15.333333333333325, -13.01666666666666 ], [ 15.333333333333325, -13.058333333333326 ], [ 15.35, -13.058333333333326 ], [ 15.35, -13.066666666666659 ], [ 15.358333333333325, -13.066666666666659 ], [ 15.358333333333325, -13.075 ], [ 15.375, -13.075 ], [ 15.375, -13.083333333333327 ], [ 15.383333333333326, -13.083333333333327 ], [ 15.383333333333326, -13.066666666666659 ], [ 15.366666666666658, -13.066666666666659 ], [ 15.366666666666658, -13.058333333333326 ], [ 15.375, -13.058333333333326 ], [ 15.375, -13.05 ], [ 15.366666666666658, -13.05 ], [ 15.366666666666658, -13.01666666666666 ], [ 15.358333333333325, -13.01666666666666 ], [ 15.358333333333325, -13.008333333333326 ], [ 15.366666666666658, -13.008333333333326 ], [ 15.366666666666658, -13.0 ], [ 15.375, -13.0 ], [ 15.375, -12.983333333333327 ], [ 15.4, -12.983333333333327 ], [ 15.4, -12.975 ], [ 15.408333333333326, -12.975 ], [ 15.408333333333326, -12.96666666666666 ], [ 15.416666666666659, -12.96666666666666 ], [ 15.416666666666659, -12.958333333333327 ], [ 15.425, -12.958333333333327 ], [ 15.425, -12.933333333333326 ], [ 15.416666666666659, -12.933333333333326 ], [ 15.416666666666659, -12.916666666666661 ], [ 15.441666666666659, -12.916666666666661 ], [ 15.441666666666659, -12.95 ], [ 15.45, -12.95 ], [ 15.45, -12.96666666666666 ], [ 15.458333333333325, -12.96666666666666 ], [ 15.458333333333325, -13.0 ], [ 15.45, -13.0 ], [ 15.45, -13.01666666666666 ], [ 15.433333333333325, -13.01666666666666 ], [ 15.433333333333325, -13.025 ], [ 15.425, -13.025 ], [ 15.425, -13.033333333333326 ], [ 15.416666666666659, -13.033333333333326 ], [ 15.416666666666659, -13.058333333333326 ], [ 15.433333333333325, -13.058333333333326 ], [ 15.433333333333325, -13.09166666666666 ], [ 15.425, -13.09166666666666 ], [ 15.425, -13.1 ], [ 15.416666666666659, -13.1 ], [ 15.416666666666659, -13.108333333333327 ], [ 15.408333333333326, -13.108333333333327 ], [ 15.408333333333326, -13.11666666666666 ], [ 15.425, -13.11666666666666 ], [ 15.425, -13.108333333333327 ], [ 15.433333333333325, -13.108333333333327 ], [ 15.433333333333325, -13.1 ], [ 15.441666666666659, -13.1 ], [ 15.441666666666659, -13.09166666666666 ], [ 15.466666666666658, -13.09166666666666 ], [ 15.466666666666658, -13.11666666666666 ], [ 15.475, -13.11666666666666 ], [ 15.475, -13.083333333333327 ], [ 15.483333333333325, -13.083333333333327 ], [ 15.483333333333325, -13.09166666666666 ], [ 15.491666666666658, -13.09166666666666 ], [ 15.491666666666658, -13.083333333333327 ], [ 15.508333333333326, -13.083333333333327 ], [ 15.508333333333326, -13.125 ], [ 15.516666666666659, -13.125 ], [ 15.516666666666659, -13.083333333333327 ], [ 15.525, -13.083333333333327 ], [ 15.525, -13.058333333333326 ], [ 15.533333333333326, -13.058333333333326 ], [ 15.533333333333326, -13.041666666666661 ], [ 15.55, -13.041666666666661 ], [ 15.55, -13.05 ], [ 15.558333333333325, -13.05 ], [ 15.558333333333325, -13.058333333333326 ], [ 15.566666666666659, -13.058333333333326 ], [ 15.566666666666659, -13.1 ], [ 15.575, -13.1 ], [ 15.575, -13.11666666666666 ], [ 15.583333333333325, -13.11666666666666 ], [ 15.583333333333325, -13.133333333333326 ], [ 15.591666666666658, -13.133333333333326 ], [ 15.591666666666658, -13.108333333333327 ], [ 15.583333333333325, -13.108333333333327 ], [ 15.583333333333325, -13.1 ], [ 15.6, -13.1 ], [ 15.6, -13.108333333333327 ], [ 15.608333333333325, -13.108333333333327 ], [ 15.608333333333325, -13.11666666666666 ], [ 15.616666666666658, -13.11666666666666 ], [ 15.616666666666658, -13.15 ], [ 15.608333333333325, -13.15 ], [ 15.608333333333325, -13.158333333333326 ], [ 15.6, -13.158333333333326 ], [ 15.6, -13.191666666666659 ], [ 15.608333333333325, -13.191666666666659 ], [ 15.608333333333325, -13.208333333333327 ], [ 15.616666666666658, -13.208333333333327 ], [ 15.616666666666658, -13.21666666666666 ], [ 15.625, -13.21666666666666 ], [ 15.625, -13.233333333333327 ], [ 15.608333333333325, -13.233333333333327 ], [ 15.608333333333325, -13.225 ], [ 15.6, -13.225 ], [ 15.6, -13.25 ], [ 15.608333333333325, -13.25 ], [ 15.608333333333325, -13.24166666666666 ], [ 15.616666666666658, -13.24166666666666 ], [ 15.616666666666658, -13.275 ], [ 15.608333333333325, -13.275 ], [ 15.608333333333325, -13.283333333333326 ], [ 15.591666666666658, -13.283333333333326 ], [ 15.591666666666658, -13.308333333333326 ], [ 15.608333333333325, -13.308333333333326 ], [ 15.608333333333325, -13.291666666666659 ], [ 15.616666666666658, -13.291666666666659 ], [ 15.616666666666658, -13.283333333333326 ], [ 15.625, -13.283333333333326 ], [ 15.625, -13.275 ], [ 15.658333333333324, -13.275 ], [ 15.658333333333324, -13.291666666666659 ], [ 15.666666666666659, -13.291666666666659 ], [ 15.666666666666659, -13.3 ], [ 15.658333333333324, -13.3 ], [ 15.658333333333324, -13.308333333333326 ], [ 15.691666666666659, -13.308333333333326 ], [ 15.691666666666659, -13.291666666666659 ], [ 15.675, -13.291666666666659 ], [ 15.675, -13.275 ], [ 15.691666666666659, -13.275 ], [ 15.691666666666659, -13.26666666666666 ], [ 15.675, -13.26666666666666 ], [ 15.675, -13.258333333333326 ], [ 15.666666666666659, -13.258333333333326 ], [ 15.666666666666659, -13.225 ], [ 15.675, -13.225 ], [ 15.675, -13.21666666666666 ], [ 15.683333333333325, -13.21666666666666 ], [ 15.683333333333325, -13.208333333333327 ], [ 15.691666666666659, -13.208333333333327 ], [ 15.691666666666659, -13.2 ], [ 15.7, -13.2 ], [ 15.7, -13.175 ], [ 15.708333333333325, -13.175 ], [ 15.708333333333325, -13.158333333333326 ], [ 15.675, -13.158333333333326 ], [ 15.675, -13.125 ], [ 15.666666666666659, -13.125 ], [ 15.666666666666659, -13.075 ], [ 15.658333333333324, -13.075 ], [ 15.658333333333324, -13.066666666666659 ], [ 15.666666666666659, -13.066666666666659 ], [ 15.666666666666659, -13.058333333333326 ], [ 15.683333333333325, -13.058333333333326 ], [ 15.683333333333325, -13.05 ], [ 15.7, -13.05 ], [ 15.7, -13.041666666666661 ], [ 15.708333333333325, -13.041666666666661 ], [ 15.708333333333325, -13.033333333333326 ], [ 15.716666666666658, -13.033333333333326 ], [ 15.716666666666658, -13.025 ], [ 15.725, -13.025 ], [ 15.725, -13.01666666666666 ], [ 15.733333333333325, -13.01666666666666 ], [ 15.733333333333325, -13.0 ], [ 15.741666666666658, -13.0 ], [ 15.741666666666658, -12.95 ], [ 15.75, -12.95 ], [ 15.75, -12.958333333333327 ], [ 15.758333333333326, -12.958333333333327 ], [ 15.758333333333326, -12.96666666666666 ], [ 15.766666666666659, -12.96666666666666 ], [ 15.766666666666659, -12.975 ], [ 15.75, -12.975 ], [ 15.75, -12.983333333333327 ], [ 15.775, -12.983333333333327 ], [ 15.775, -12.975 ], [ 15.783333333333324, -12.975 ], [ 15.783333333333324, -12.983333333333327 ], [ 15.791666666666659, -12.983333333333327 ], [ 15.791666666666659, -12.975 ], [ 15.8, -12.975 ], [ 15.8, -12.983333333333327 ], [ 15.808333333333325, -12.983333333333327 ], [ 15.808333333333325, -12.99166666666666 ], [ 15.816666666666659, -12.99166666666666 ], [ 15.816666666666659, -13.0 ], [ 15.833333333333325, -13.0 ], [ 15.833333333333325, -13.01666666666666 ], [ 15.825, -13.01666666666666 ], [ 15.825, -13.025 ], [ 15.85, -13.025 ], [ 15.85, -13.01666666666666 ], [ 15.841666666666658, -13.01666666666666 ], [ 15.841666666666658, -12.99166666666666 ], [ 15.833333333333325, -12.99166666666666 ], [ 15.833333333333325, -12.95 ], [ 15.875, -12.95 ], [ 15.875, -12.941666666666659 ], [ 15.85, -12.941666666666659 ], [ 15.85, -12.933333333333326 ], [ 15.858333333333325, -12.933333333333326 ], [ 15.858333333333325, -12.916666666666661 ], [ 15.85, -12.916666666666661 ], [ 15.85, -12.908333333333326 ], [ 15.866666666666658, -12.908333333333326 ], [ 15.866666666666658, -12.9 ], [ 15.891666666666659, -12.9 ], [ 15.891666666666659, -12.89166666666666 ], [ 15.933333333333325, -12.89166666666666 ], [ 15.933333333333325, -12.883333333333326 ], [ 15.916666666666659, -12.883333333333326 ], [ 15.916666666666659, -12.875 ], [ 15.933333333333325, -12.875 ], [ 15.933333333333325, -12.86666666666666 ], [ 15.941666666666659, -12.86666666666666 ], [ 15.941666666666659, -12.875 ], [ 15.95, -12.875 ], [ 15.95, -12.916666666666661 ], [ 15.966666666666658, -12.916666666666661 ], [ 15.966666666666658, -12.908333333333326 ], [ 15.958333333333325, -12.908333333333326 ], [ 15.958333333333325, -12.875 ], [ 15.975, -12.875 ], [ 15.975, -12.858333333333327 ], [ 15.958333333333325, -12.858333333333327 ], [ 15.958333333333325, -12.85 ], [ 15.966666666666658, -12.85 ], [ 15.966666666666658, -12.84166666666666 ], [ 15.975, -12.84166666666666 ], [ 15.975, -12.833333333333327 ], [ 15.958333333333325, -12.833333333333327 ], [ 15.958333333333325, -12.825 ], [ 15.966666666666658, -12.825 ], [ 15.966666666666658, -12.816666666666659 ], [ 15.958333333333325, -12.816666666666659 ], [ 15.958333333333325, -12.808333333333326 ], [ 15.95, -12.808333333333326 ], [ 15.95, -12.8 ], [ 15.941666666666659, -12.8 ], [ 15.941666666666659, -12.783333333333326 ], [ 15.966666666666658, -12.783333333333326 ], [ 15.966666666666658, -12.758333333333328 ], [ 15.95, -12.758333333333328 ], [ 15.95, -12.75 ], [ 15.991666666666658, -12.75 ], [ 15.991666666666658, -12.74166666666666 ], [ 16.0, -12.74166666666666 ], [ 16.0, -12.733333333333327 ], [ 16.016666666666659, -12.733333333333327 ], [ 16.016666666666659, -12.76666666666666 ], [ 16.025, -12.76666666666666 ], [ 16.025, -12.758333333333328 ], [ 16.033333333333324, -12.758333333333328 ], [ 16.033333333333324, -12.75 ], [ 16.025, -12.75 ], [ 16.025, -12.733333333333327 ], [ 16.033333333333324, -12.733333333333327 ], [ 16.033333333333324, -12.71666666666666 ], [ 16.041666666666657, -12.71666666666666 ], [ 16.041666666666657, -12.691666666666659 ], [ 16.033333333333324, -12.691666666666659 ], [ 16.033333333333324, -12.675 ], [ 16.025, -12.675 ], [ 16.025, -12.658333333333328 ], [ 16.033333333333324, -12.658333333333328 ], [ 16.033333333333324, -12.64166666666666 ], [ 16.041666666666657, -12.64166666666666 ], [ 16.041666666666657, -12.65 ], [ 16.05, -12.65 ], [ 16.05, -12.64166666666666 ], [ 16.058333333333326, -12.64166666666666 ], [ 16.058333333333326, -12.625 ], [ 16.016666666666659, -12.625 ], [ 16.016666666666659, -12.633333333333328 ], [ 16.025, -12.633333333333328 ], [ 16.025, -12.65 ], [ 16.0, -12.65 ], [ 16.0, -12.658333333333328 ], [ 16.008333333333326, -12.658333333333328 ], [ 16.008333333333326, -12.691666666666659 ], [ 16.0, -12.691666666666659 ], [ 16.0, -12.7 ], [ 15.983333333333325, -12.7 ], [ 15.983333333333325, -12.708333333333327 ], [ 15.958333333333325, -12.708333333333327 ], [ 15.958333333333325, -12.725 ], [ 15.925, -12.725 ], [ 15.925, -12.733333333333327 ], [ 15.891666666666659, -12.733333333333327 ], [ 15.891666666666659, -12.758333333333328 ], [ 15.883333333333326, -12.758333333333328 ], [ 15.883333333333326, -12.75 ], [ 15.866666666666658, -12.75 ], [ 15.866666666666658, -12.733333333333327 ], [ 15.875, -12.733333333333327 ], [ 15.875, -12.666666666666661 ], [ 15.85, -12.666666666666661 ], [ 15.85, -12.658333333333328 ], [ 15.866666666666658, -12.658333333333328 ], [ 15.866666666666658, -12.64166666666666 ], [ 15.875, -12.64166666666666 ], [ 15.875, -12.625 ], [ 15.883333333333326, -12.625 ], [ 15.883333333333326, -12.61666666666666 ], [ 15.891666666666659, -12.61666666666666 ], [ 15.891666666666659, -12.59166666666666 ], [ 15.883333333333326, -12.59166666666666 ], [ 15.883333333333326, -12.583333333333327 ], [ 15.866666666666658, -12.583333333333327 ], [ 15.866666666666658, -12.575 ], [ 15.875, -12.575 ], [ 15.875, -12.566666666666661 ], [ 15.891666666666659, -12.566666666666661 ], [ 15.891666666666659, -12.558333333333326 ], [ 15.916666666666659, -12.558333333333326 ], [ 15.916666666666659, -12.55 ], [ 16.008333333333326, -12.55 ], [ 16.008333333333326, -12.533333333333328 ], [ 16.0, -12.533333333333328 ], [ 16.0, -12.51666666666666 ], [ 15.991666666666658, -12.51666666666666 ], [ 15.991666666666658, -12.5 ], [ 15.983333333333325, -12.5 ], [ 15.983333333333325, -12.49166666666666 ], [ 15.991666666666658, -12.49166666666666 ], [ 15.991666666666658, -12.475 ], [ 15.983333333333325, -12.475 ], [ 15.983333333333325, -12.483333333333327 ], [ 15.958333333333325, -12.483333333333327 ], [ 15.958333333333325, -12.475 ], [ 15.941666666666659, -12.475 ], [ 15.941666666666659, -12.466666666666661 ], [ 15.933333333333325, -12.466666666666661 ], [ 15.933333333333325, -12.441666666666661 ], [ 15.925, -12.441666666666661 ], [ 15.925, -12.45 ], [ 15.916666666666659, -12.45 ], [ 15.916666666666659, -12.425 ], [ 15.925, -12.425 ], [ 15.925, -12.416666666666661 ], [ 15.908333333333324, -12.416666666666661 ], [ 15.908333333333324, -12.408333333333328 ], [ 15.9, -12.408333333333328 ], [ 15.9, -12.4 ], [ 15.891666666666659, -12.4 ], [ 15.891666666666659, -12.433333333333326 ], [ 15.833333333333325, -12.433333333333326 ], [ 15.833333333333325, -12.425 ], [ 15.825, -12.425 ], [ 15.825, -12.416666666666661 ], [ 15.816666666666659, -12.416666666666661 ], [ 15.816666666666659, -12.408333333333328 ], [ 15.808333333333325, -12.408333333333328 ], [ 15.808333333333325, -12.4 ], [ 15.8, -12.4 ], [ 15.8, -12.383333333333328 ], [ 15.791666666666659, -12.383333333333328 ], [ 15.791666666666659, -12.36666666666666 ], [ 15.8, -12.36666666666666 ], [ 15.8, -12.358333333333327 ], [ 15.808333333333325, -12.358333333333327 ], [ 15.808333333333325, -12.316666666666661 ], [ 15.8, -12.316666666666661 ], [ 15.8, -12.308333333333326 ], [ 15.816666666666659, -12.308333333333326 ], [ 15.816666666666659, -12.3 ], [ 15.783333333333324, -12.3 ], [ 15.783333333333324, -12.291666666666661 ], [ 15.808333333333325, -12.291666666666661 ], [ 15.808333333333325, -12.25 ], [ 15.775, -12.25 ], [ 15.775, -12.258333333333328 ], [ 15.758333333333326, -12.258333333333328 ], [ 15.758333333333326, -12.275 ], [ 15.766666666666659, -12.275 ], [ 15.766666666666659, -12.283333333333328 ], [ 15.758333333333326, -12.283333333333328 ], [ 15.758333333333326, -12.291666666666661 ], [ 15.75, -12.291666666666661 ], [ 15.75, -12.308333333333326 ], [ 15.741666666666658, -12.308333333333326 ], [ 15.741666666666658, -12.283333333333328 ], [ 15.725, -12.283333333333328 ], [ 15.725, -12.291666666666661 ], [ 15.733333333333325, -12.291666666666661 ], [ 15.733333333333325, -12.3 ], [ 15.725, -12.3 ], [ 15.725, -12.316666666666661 ], [ 15.716666666666658, -12.316666666666661 ], [ 15.716666666666658, -12.325 ], [ 15.708333333333325, -12.325 ], [ 15.708333333333325, -12.308333333333326 ], [ 15.7, -12.308333333333326 ], [ 15.7, -12.3 ], [ 15.683333333333325, -12.3 ], [ 15.683333333333325, -12.308333333333326 ], [ 15.675, -12.308333333333326 ], [ 15.675, -12.325 ], [ 15.683333333333325, -12.325 ], [ 15.683333333333325, -12.333333333333327 ], [ 15.691666666666659, -12.333333333333327 ], [ 15.691666666666659, -12.341666666666661 ], [ 15.683333333333325, -12.341666666666661 ], [ 15.683333333333325, -12.35 ], [ 15.666666666666659, -12.35 ], [ 15.666666666666659, -12.341666666666661 ], [ 15.658333333333324, -12.341666666666661 ], [ 15.658333333333324, -12.333333333333327 ], [ 15.65, -12.333333333333327 ], [ 15.65, -12.325 ], [ 15.641666666666659, -12.325 ], [ 15.641666666666659, -12.283333333333328 ], [ 15.633333333333326, -12.283333333333328 ], [ 15.633333333333326, -12.26666666666666 ], [ 15.641666666666659, -12.26666666666666 ], [ 15.641666666666659, -12.258333333333328 ], [ 15.633333333333326, -12.258333333333328 ], [ 15.633333333333326, -12.25 ], [ 15.625, -12.25 ], [ 15.625, -12.26666666666666 ], [ 15.616666666666658, -12.26666666666666 ], [ 15.616666666666658, -12.24166666666666 ], [ 15.583333333333325, -12.24166666666666 ], [ 15.583333333333325, -12.225 ], [ 15.575, -12.225 ], [ 15.575, -12.216666666666661 ], [ 15.591666666666658, -12.216666666666661 ], [ 15.591666666666658, -12.208333333333327 ], [ 15.6, -12.208333333333327 ], [ 15.6, -12.2 ], [ 15.583333333333325, -12.2 ], [ 15.583333333333325, -12.208333333333327 ], [ 15.566666666666659, -12.208333333333327 ], [ 15.566666666666659, -12.2 ], [ 15.558333333333325, -12.2 ], [ 15.558333333333325, -12.208333333333327 ], [ 15.55, -12.208333333333327 ], [ 15.55, -12.183333333333328 ], [ 15.533333333333326, -12.183333333333328 ] ], [ [ 15.525, -12.225 ], [ 15.541666666666659, -12.225 ], [ 15.541666666666659, -12.233333333333327 ], [ 15.525, -12.233333333333327 ], [ 15.525, -12.225 ] ], [ [ 15.766666666666659, -12.26666666666666 ], [ 15.775, -12.26666666666666 ], [ 15.775, -12.275 ], [ 15.766666666666659, -12.275 ], [ 15.766666666666659, -12.26666666666666 ] ], [ [ 15.616666666666658, -12.275 ], [ 15.625, -12.275 ], [ 15.625, -12.283333333333328 ], [ 15.616666666666658, -12.283333333333328 ], [ 15.616666666666658, -12.275 ] ], [ [ 15.791666666666659, -12.275 ], [ 15.8, -12.275 ], [ 15.8, -12.283333333333328 ], [ 15.791666666666659, -12.283333333333328 ], [ 15.791666666666659, -12.275 ] ], [ [ 15.691666666666659, -12.35 ], [ 15.7, -12.35 ], [ 15.7, -12.358333333333327 ], [ 15.691666666666659, -12.358333333333327 ], [ 15.691666666666659, -12.35 ] ], [ [ 15.666666666666659, -12.358333333333327 ], [ 15.683333333333325, -12.358333333333327 ], [ 15.683333333333325, -12.36666666666666 ], [ 15.666666666666659, -12.36666666666666 ], [ 15.666666666666659, -12.358333333333327 ] ], [ [ 15.55, -12.416666666666661 ], [ 15.558333333333325, -12.416666666666661 ], [ 15.558333333333325, -12.425 ], [ 15.55, -12.425 ], [ 15.55, -12.416666666666661 ] ], [ [ 15.566666666666659, -12.416666666666661 ], [ 15.575, -12.416666666666661 ], [ 15.575, -12.425 ], [ 15.566666666666659, -12.425 ], [ 15.566666666666659, -12.416666666666661 ] ], [ [ 15.766666666666659, -12.416666666666661 ], [ 15.791666666666659, -12.416666666666661 ], [ 15.791666666666659, -12.425 ], [ 15.816666666666659, -12.425 ], [ 15.816666666666659, -12.441666666666661 ], [ 15.85, -12.441666666666661 ], [ 15.85, -12.45 ], [ 15.858333333333325, -12.45 ], [ 15.858333333333325, -12.466666666666661 ], [ 15.85, -12.466666666666661 ], [ 15.85, -12.483333333333327 ], [ 15.833333333333325, -12.483333333333327 ], [ 15.833333333333325, -12.475 ], [ 15.825, -12.475 ], [ 15.825, -12.466666666666661 ], [ 15.816666666666659, -12.466666666666661 ], [ 15.816666666666659, -12.458333333333327 ], [ 15.791666666666659, -12.458333333333327 ], [ 15.791666666666659, -12.45 ], [ 15.783333333333324, -12.45 ], [ 15.783333333333324, -12.433333333333326 ], [ 15.766666666666659, -12.433333333333326 ], [ 15.766666666666659, -12.416666666666661 ] ], [ [ 15.9, -12.416666666666661 ], [ 15.908333333333324, -12.416666666666661 ], [ 15.908333333333324, -12.433333333333326 ], [ 15.9, -12.433333333333326 ], [ 15.9, -12.416666666666661 ] ], [ [ 15.908333333333324, -12.458333333333327 ], [ 15.916666666666659, -12.458333333333327 ], [ 15.916666666666659, -12.475 ], [ 15.908333333333324, -12.475 ], [ 15.908333333333324, -12.458333333333327 ] ], [ [ 15.925, -12.475 ], [ 15.933333333333325, -12.475 ], [ 15.933333333333325, -12.483333333333327 ], [ 15.95, -12.483333333333327 ], [ 15.95, -12.5 ], [ 15.933333333333325, -12.5 ], [ 15.933333333333325, -12.508333333333328 ], [ 15.925, -12.508333333333328 ], [ 15.925, -12.5 ], [ 15.908333333333324, -12.5 ], [ 15.908333333333324, -12.483333333333327 ], [ 15.925, -12.483333333333327 ], [ 15.925, -12.475 ] ], [ [ 15.966666666666658, -12.5 ], [ 15.975, -12.5 ], [ 15.975, -12.508333333333328 ], [ 15.966666666666658, -12.508333333333328 ], [ 15.966666666666658, -12.5 ] ], [ [ 15.958333333333325, -12.51666666666666 ], [ 15.966666666666658, -12.51666666666666 ], [ 15.966666666666658, -12.525 ], [ 15.958333333333325, -12.525 ], [ 15.958333333333325, -12.51666666666666 ] ], [ [ 15.975, -12.51666666666666 ], [ 15.983333333333325, -12.51666666666666 ], [ 15.983333333333325, -12.525 ], [ 15.975, -12.525 ], [ 15.975, -12.51666666666666 ] ], [ [ 15.983333333333325, -12.525 ], [ 15.991666666666658, -12.525 ], [ 15.991666666666658, -12.533333333333328 ], [ 15.983333333333325, -12.533333333333328 ], [ 15.983333333333325, -12.525 ] ], [ [ 15.458333333333325, -12.558333333333326 ], [ 15.466666666666658, -12.558333333333326 ], [ 15.466666666666658, -12.566666666666661 ], [ 15.475, -12.566666666666661 ], [ 15.475, -12.575 ], [ 15.458333333333325, -12.575 ], [ 15.458333333333325, -12.558333333333326 ] ], [ [ 15.666666666666659, -12.575 ], [ 15.675, -12.575 ], [ 15.675, -12.583333333333327 ], [ 15.683333333333325, -12.583333333333327 ], [ 15.683333333333325, -12.575 ], [ 15.691666666666659, -12.575 ], [ 15.691666666666659, -12.6 ], [ 15.7, -12.6 ], [ 15.7, -12.633333333333328 ], [ 15.691666666666659, -12.633333333333328 ], [ 15.691666666666659, -12.65 ], [ 15.683333333333325, -12.65 ], [ 15.683333333333325, -12.683333333333326 ], [ 15.675, -12.683333333333326 ], [ 15.675, -12.691666666666659 ], [ 15.666666666666659, -12.691666666666659 ], [ 15.666666666666659, -12.683333333333326 ], [ 15.658333333333324, -12.683333333333326 ], [ 15.658333333333324, -12.675 ], [ 15.625, -12.675 ], [ 15.625, -12.683333333333326 ], [ 15.616666666666658, -12.683333333333326 ], [ 15.616666666666658, -12.675 ], [ 15.608333333333325, -12.675 ], [ 15.608333333333325, -12.666666666666661 ], [ 15.6, -12.666666666666661 ], [ 15.6, -12.64166666666666 ], [ 15.591666666666658, -12.64166666666666 ], [ 15.591666666666658, -12.633333333333328 ], [ 15.608333333333325, -12.633333333333328 ], [ 15.608333333333325, -12.64166666666666 ], [ 15.616666666666658, -12.64166666666666 ], [ 15.616666666666658, -12.633333333333328 ], [ 15.633333333333326, -12.633333333333328 ], [ 15.633333333333326, -12.61666666666666 ], [ 15.641666666666659, -12.61666666666666 ], [ 15.641666666666659, -12.6 ], [ 15.633333333333326, -12.6 ], [ 15.633333333333326, -12.583333333333327 ], [ 15.666666666666659, -12.583333333333327 ], [ 15.666666666666659, -12.575 ] ], [ [ 15.55, -12.583333333333327 ], [ 15.558333333333325, -12.583333333333327 ], [ 15.558333333333325, -12.59166666666666 ], [ 15.55, -12.59166666666666 ], [ 15.55, -12.583333333333327 ] ], [ [ 15.558333333333325, -12.59166666666666 ], [ 15.566666666666659, -12.59166666666666 ], [ 15.566666666666659, -12.6 ], [ 15.558333333333325, -12.6 ], [ 15.558333333333325, -12.59166666666666 ] ], [ [ 15.566666666666659, -12.6 ], [ 15.575, -12.6 ], [ 15.575, -12.608333333333327 ], [ 15.566666666666659, -12.608333333333327 ], [ 15.566666666666659, -12.6 ] ], [ [ 15.575, -12.608333333333327 ], [ 15.6, -12.608333333333327 ], [ 15.6, -12.625 ], [ 15.591666666666658, -12.625 ], [ 15.591666666666658, -12.61666666666666 ], [ 15.575, -12.61666666666666 ], [ 15.575, -12.608333333333327 ] ], [ [ 15.566666666666659, -12.64166666666666 ], [ 15.575, -12.64166666666666 ], [ 15.575, -12.65 ], [ 15.566666666666659, -12.65 ], [ 15.566666666666659, -12.64166666666666 ] ], [ [ 15.45, -12.708333333333327 ], [ 15.458333333333325, -12.708333333333327 ], [ 15.458333333333325, -12.71666666666666 ], [ 15.45, -12.71666666666666 ], [ 15.45, -12.708333333333327 ] ], [ [ 15.433333333333325, -12.71666666666666 ], [ 15.45, -12.71666666666666 ], [ 15.45, -12.725 ], [ 15.433333333333325, -12.725 ], [ 15.433333333333325, -12.71666666666666 ] ], [ [ 15.408333333333326, -12.725 ], [ 15.416666666666659, -12.725 ], [ 15.416666666666659, -12.733333333333327 ], [ 15.408333333333326, -12.733333333333327 ], [ 15.408333333333326, -12.725 ] ], [ [ 15.483333333333325, -12.775 ], [ 15.491666666666658, -12.775 ], [ 15.491666666666658, -12.783333333333326 ], [ 15.483333333333325, -12.783333333333326 ], [ 15.483333333333325, -12.775 ] ], [ [ 15.391666666666659, -12.783333333333326 ], [ 15.4, -12.783333333333326 ], [ 15.4, -12.791666666666661 ], [ 15.391666666666659, -12.791666666666661 ], [ 15.391666666666659, -12.783333333333326 ] ], [ [ 15.408333333333326, -12.8 ], [ 15.425, -12.8 ], [ 15.425, -12.825 ], [ 15.416666666666659, -12.825 ], [ 15.416666666666659, -12.84166666666666 ], [ 15.4, -12.84166666666666 ], [ 15.4, -12.825 ], [ 15.408333333333326, -12.825 ], [ 15.408333333333326, -12.816666666666659 ], [ 15.416666666666659, -12.816666666666659 ], [ 15.416666666666659, -12.808333333333326 ], [ 15.408333333333326, -12.808333333333326 ], [ 15.408333333333326, -12.8 ] ], [ [ 15.891666666666659, -12.85 ], [ 15.9, -12.85 ], [ 15.9, -12.86666666666666 ], [ 15.883333333333326, -12.86666666666666 ], [ 15.883333333333326, -12.858333333333327 ], [ 15.891666666666659, -12.858333333333327 ], [ 15.891666666666659, -12.85 ] ], [ [ 15.841666666666658, -12.858333333333327 ], [ 15.858333333333325, -12.858333333333327 ], [ 15.858333333333325, -12.86666666666666 ], [ 15.875, -12.86666666666666 ], [ 15.875, -12.875 ], [ 15.883333333333326, -12.875 ], [ 15.883333333333326, -12.89166666666666 ], [ 15.866666666666658, -12.89166666666666 ], [ 15.866666666666658, -12.883333333333326 ], [ 15.858333333333325, -12.883333333333326 ], [ 15.858333333333325, -12.875 ], [ 15.841666666666658, -12.875 ], [ 15.841666666666658, -12.858333333333327 ] ], [ [ 15.641666666666659, -12.86666666666666 ], [ 15.675, -12.86666666666666 ], [ 15.675, -12.883333333333326 ], [ 15.65, -12.883333333333326 ], [ 15.65, -12.875 ], [ 15.641666666666659, -12.875 ], [ 15.641666666666659, -12.86666666666666 ] ], [ [ 15.891666666666659, -12.875 ], [ 15.9, -12.875 ], [ 15.9, -12.883333333333326 ], [ 15.891666666666659, -12.883333333333326 ], [ 15.891666666666659, -12.875 ] ], [ [ 15.758333333333326, -12.89166666666666 ], [ 15.766666666666659, -12.89166666666666 ], [ 15.766666666666659, -12.9 ], [ 15.775, -12.9 ], [ 15.775, -12.908333333333326 ], [ 15.758333333333326, -12.908333333333326 ], [ 15.758333333333326, -12.916666666666661 ], [ 15.75, -12.916666666666661 ], [ 15.75, -12.9 ], [ 15.758333333333326, -12.9 ], [ 15.758333333333326, -12.89166666666666 ] ], [ [ 15.175, -12.908333333333326 ], [ 15.216666666666658, -12.908333333333326 ], [ 15.216666666666658, -12.925 ], [ 15.2, -12.925 ], [ 15.2, -12.933333333333326 ], [ 15.191666666666659, -12.933333333333326 ], [ 15.191666666666659, -12.916666666666661 ], [ 15.175, -12.916666666666661 ], [ 15.175, -12.908333333333326 ] ], [ [ 15.808333333333325, -12.908333333333326 ], [ 15.816666666666659, -12.908333333333326 ], [ 15.816666666666659, -12.916666666666661 ], [ 15.808333333333325, -12.916666666666661 ], [ 15.808333333333325, -12.908333333333326 ] ], [ [ 15.741666666666658, -12.916666666666661 ], [ 15.75, -12.916666666666661 ], [ 15.75, -12.941666666666659 ], [ 15.741666666666658, -12.941666666666659 ], [ 15.741666666666658, -12.916666666666661 ] ], [ [ 15.525, -12.941666666666659 ], [ 15.541666666666659, -12.941666666666659 ], [ 15.541666666666659, -12.983333333333327 ], [ 15.533333333333326, -12.983333333333327 ], [ 15.533333333333326, -13.0 ], [ 15.525, -13.0 ], [ 15.525, -12.975 ], [ 15.516666666666659, -12.975 ], [ 15.516666666666659, -12.95 ], [ 15.525, -12.95 ], [ 15.525, -12.941666666666659 ] ], [ [ 15.3, -12.95 ], [ 15.308333333333325, -12.95 ], [ 15.308333333333325, -12.958333333333327 ], [ 15.316666666666659, -12.958333333333327 ], [ 15.316666666666659, -12.96666666666666 ], [ 15.3, -12.96666666666666 ], [ 15.3, -12.95 ] ], [ [ 15.2, -12.958333333333327 ], [ 15.208333333333325, -12.958333333333327 ], [ 15.208333333333325, -12.96666666666666 ], [ 15.2, -12.96666666666666 ], [ 15.2, -12.958333333333327 ] ], [ [ 15.766666666666659, -12.958333333333327 ], [ 15.775, -12.958333333333327 ], [ 15.775, -12.96666666666666 ], [ 15.766666666666659, -12.96666666666666 ], [ 15.766666666666659, -12.958333333333327 ] ], [ [ 15.316666666666659, -12.96666666666666 ], [ 15.325, -12.96666666666666 ], [ 15.325, -12.975 ], [ 15.316666666666659, -12.975 ], [ 15.316666666666659, -12.96666666666666 ] ], [ [ 15.591666666666658, -12.99166666666666 ], [ 15.6, -12.99166666666666 ], [ 15.6, -13.008333333333326 ], [ 15.608333333333325, -13.008333333333326 ], [ 15.608333333333325, -13.025 ], [ 15.591666666666658, -13.025 ], [ 15.591666666666658, -12.99166666666666 ] ], [ [ 15.466666666666658, -13.05 ], [ 15.483333333333325, -13.05 ], [ 15.483333333333325, -13.066666666666659 ], [ 15.475, -13.066666666666659 ], [ 15.475, -13.058333333333326 ], [ 15.466666666666658, -13.058333333333326 ], [ 15.466666666666658, -13.05 ] ], [ [ 15.6, -13.05 ], [ 15.608333333333325, -13.05 ], [ 15.608333333333325, -13.066666666666659 ], [ 15.6, -13.066666666666659 ], [ 15.6, -13.05 ] ], [ [ 15.591666666666658, -13.075 ], [ 15.6, -13.075 ], [ 15.6, -13.09166666666666 ], [ 15.591666666666658, -13.09166666666666 ], [ 15.591666666666658, -13.075 ] ], [ [ 15.625, -13.166666666666661 ], [ 15.633333333333326, -13.166666666666661 ], [ 15.633333333333326, -13.2 ], [ 15.616666666666658, -13.2 ], [ 15.616666666666658, -13.175 ], [ 15.625, -13.175 ], [ 15.625, -13.166666666666661 ] ] ] } },
{ "type": "Feature", "properties": { "threshold_min": 120 }, "geometry": { "type": "Polygon", "coordinates": [ [ [ 15.35, -11.941666666666661 ], [ 15.35, -11.95 ], [ 15.341666666666658, -11.95 ], [ 15.341666666666658, -11.958333333333329 ], [ 15.333333333333325, -11.958333333333329 ], [ 15.333333333333325, -11.966666666666661 ], [ 15.3, -11.966666666666661 ], [ 15.3, -11.975 ], [ 15.291666666666659, -11.975 ], [ 15.291666666666659, -11.983333333333327 ], [ 15.283333333333326, -11.983333333333327 ], [ 15.283333333333326, -11.991666666666662 ], [ 15.275, -11.991666666666662 ], [ 15.275, -12.0 ], [ 15.258333333333326, -12.0 ], [ 15.258333333333326, -12.008333333333328 ], [ 15.25, -12.008333333333328 ], [ 15.25, -12.025 ], [ 15.258333333333326, -12.025 ], [ 15.258333333333326, -12.033333333333328 ], [ 15.266666666666659, -12.033333333333328 ], [ 15.266666666666659, -12.05 ], [ 15.241666666666658, -12.05 ], [ 15.241666666666658, -12.058333333333328 ], [ 15.275, -12.058333333333328 ], [ 15.275, -12.05 ], [ 15.291666666666659, -12.05 ], [ 15.291666666666659, -12.041666666666661 ], [ 15.3, -12.041666666666661 ], [ 15.3, -12.05 ], [ 15.308333333333325, -12.05 ], [ 15.308333333333325, -12.058333333333328 ], [ 15.316666666666659, -12.058333333333328 ], [ 15.316666666666659, -12.05 ], [ 15.333333333333325, -12.05 ], [ 15.333333333333325, -12.058333333333328 ], [ 15.341666666666658, -12.058333333333328 ], [ 15.341666666666658, -12.066666666666661 ], [ 15.358333333333325, -12.066666666666661 ], [ 15.358333333333325, -12.058333333333328 ], [ 15.366666666666658, -12.058333333333328 ], [ 15.366666666666658, -12.075 ], [ 15.375, -12.075 ], [ 15.375, -12.125 ], [ 15.358333333333325, -12.125 ], [ 15.358333333333325, -12.133333333333328 ], [ 15.333333333333325, -12.133333333333328 ], [ 15.333333333333325, -12.14166666666666 ], [ 15.325, -12.14166666666666 ], [ 15.325, -12.15 ], [ 15.316666666666659, -12.15 ], [ 15.316666666666659, -12.158333333333328 ], [ 15.308333333333325, -12.158333333333328 ], [ 15.308333333333325, -12.15 ], [ 15.3, -12.15 ], [ 15.3, -12.14166666666666 ], [ 15.283333333333326, -12.14166666666666 ], [ 15.283333333333326, -12.125 ], [ 15.291666666666659, -12.125 ], [ 15.291666666666659, -12.11666666666666 ], [ 15.3, -12.11666666666666 ], [ 15.3, -12.108333333333327 ], [ 15.308333333333325, -12.108333333333327 ], [ 15.308333333333325, -12.1 ], [ 15.316666666666659, -12.1 ], [ 15.316666666666659, -12.091666666666661 ], [ 15.3, -12.091666666666661 ], [ 15.3, -12.1 ], [ 15.291666666666659, -12.1 ], [ 15.291666666666659, -12.108333333333327 ], [ 15.283333333333326, -12.108333333333327 ], [ 15.283333333333326, -12.1 ], [ 15.275, -12.1 ], [ 15.275, -12.108333333333327 ], [ 15.266666666666659, -12.108333333333327 ], [ 15.266666666666659, -12.11666666666666 ], [ 15.241666666666658, -12.11666666666666 ], [ 15.241666666666658, -12.125 ], [ 15.233333333333325, -12.125 ], [ 15.233333333333325, -12.11666666666666 ], [ 15.208333333333325, -12.11666666666666 ], [ 15.208333333333325, -12.108333333333327 ], [ 15.2, -12.108333333333327 ], [ 15.2, -12.1 ], [ 15.191666666666659, -12.1 ], [ 15.191666666666659, -12.108333333333327 ], [ 15.183333333333325, -12.108333333333327 ], [ 15.183333333333325, -12.11666666666666 ], [ 15.2, -12.11666666666666 ], [ 15.2, -12.125 ], [ 15.208333333333325, -12.125 ], [ 15.208333333333325, -12.14166666666666 ], [ 15.2, -12.14166666666666 ], [ 15.2, -12.15 ], [ 15.183333333333325, -12.15 ], [ 15.183333333333325, -12.158333333333328 ], [ 15.208333333333325, -12.158333333333328 ], [ 15.208333333333325, -12.15 ], [ 15.216666666666658, -12.15 ], [ 15.216666666666658, -12.158333333333328 ], [ 15.225, -12.158333333333328 ], [ 15.225, -12.166666666666661 ], [ 15.233333333333325, -12.166666666666661 ], [ 15.233333333333325, -12.175 ], [ 15.216666666666658, -12.175 ], [ 15.216666666666658, -12.183333333333328 ], [ 15.2, -12.183333333333328 ], [ 15.2, -12.175 ], [ 15.191666666666659, -12.175 ], [ 15.191666666666659, -12.166666666666661 ], [ 15.166666666666659, -12.166666666666661 ], [ 15.166666666666659, -12.175 ], [ 15.15, -12.175 ], [ 15.15, -12.191666666666661 ], [ 15.175, -12.191666666666661 ], [ 15.175, -12.233333333333327 ], [ 15.191666666666659, -12.233333333333327 ], [ 15.191666666666659, -12.25 ], [ 15.2, -12.25 ], [ 15.2, -12.258333333333328 ], [ 15.158333333333326, -12.258333333333328 ], [ 15.158333333333326, -12.26666666666666 ], [ 15.15, -12.26666666666666 ], [ 15.15, -12.291666666666661 ], [ 15.158333333333326, -12.291666666666661 ], [ 15.158333333333326, -12.3 ], [ 15.133333333333326, -12.3 ], [ 15.133333333333326, -12.291666666666661 ], [ 15.125, -12.291666666666661 ], [ 15.125, -12.283333333333328 ], [ 15.116666666666658, -12.283333333333328 ], [ 15.116666666666658, -12.26666666666666 ], [ 15.108333333333325, -12.26666666666666 ], [ 15.108333333333325, -12.3 ], [ 15.1, -12.3 ], [ 15.1, -12.308333333333326 ], [ 15.108333333333325, -12.308333333333326 ], [ 15.108333333333325, -12.316666666666661 ], [ 15.116666666666658, -12.316666666666661 ], [ 15.116666666666658, -12.325 ], [ 15.108333333333325, -12.325 ], [ 15.108333333333325, -12.333333333333327 ], [ 15.1, -12.333333333333327 ], [ 15.1, -12.341666666666661 ], [ 15.09166666666666, -12.341666666666661 ], [ 15.09166666666666, -12.333333333333327 ], [ 15.083333333333325, -12.333333333333327 ], [ 15.083333333333325, -12.341666666666661 ], [ 15.058333333333325, -12.341666666666661 ], [ 15.058333333333325, -12.333333333333327 ], [ 15.075, -12.333333333333327 ], [ 15.075, -12.325 ], [ 15.058333333333325, -12.325 ], [ 15.058333333333325, -12.316666666666661 ], [ 15.05, -12.316666666666661 ], [ 15.05, -12.325 ], [ 15.041666666666659, -12.325 ], [ 15.041666666666659, -12.333333333333327 ], [ 15.033333333333326, -12.333333333333327 ], [ 15.033333333333326, -12.325 ], [ 15.025, -12.325 ], [ 15.025, -12.35 ], [ 15.041666666666659, -12.35 ], [ 15.041666666666659, -12.341666666666661 ], [ 15.05, -12.341666666666661 ], [ 15.05, -12.35 ], [ 15.066666666666659, -12.35 ], [ 15.066666666666659, -12.358333333333327 ], [ 15.05, -12.358333333333327 ], [ 15.05, -12.36666666666666 ], [ 15.058333333333325, -12.36666666666666 ], [ 15.058333333333325, -12.375 ], [ 15.066666666666659, -12.375 ], [ 15.066666666666659, -12.39166666666666 ], [ 15.083333333333325, -12.39166666666666 ], [ 15.083333333333325, -12.383333333333328 ], [ 15.09166666666666, -12.383333333333328 ], [ 15.09166666666666, -12.375 ], [ 15.1, -12.375 ], [ 15.1, -12.383333333333328 ], [ 15.108333333333325, -12.383333333333328 ], [ 15.108333333333325, -12.4 ], [ 15.125, -12.4 ], [ 15.125, -12.39166666666666 ], [ 15.116666666666658, -12.39166666666666 ], [ 15.116666666666658, -12.375 ], [ 15.125, -12.375 ], [ 15.125, -12.36666666666666 ], [ 15.133333333333326, -12.36666666666666 ], [ 15.133333333333326, -12.358333333333327 ], [ 15.158333333333326, -12.358333333333327 ], [ 15.158333333333326, -12.36666666666666 ], [ 15.175, -12.36666666666666 ], [ 15.175, -12.383333333333328 ], [ 15.208333333333325, -12.383333333333328 ], [ 15.208333333333325, -12.39166666666666 ], [ 15.216666666666658, -12.39166666666666 ], [ 15.216666666666658, -12.375 ], [ 15.208333333333325, -12.375 ], [ 15.208333333333325, -12.36666666666666 ], [ 15.216666666666658, -12.36666666666666 ], [ 15.216666666666658, -12.358333333333327 ], [ 15.225, -12.358333333333327 ], [ 15.225, -12.325 ], [ 15.25, -12.325 ], [ 15.25, -12.308333333333326 ], [ 15.258333333333326, -12.308333333333326 ], [ 15.258333333333326, -12.3 ], [ 15.283333333333326, -12.3 ], [ 15.283333333333326, -12.308333333333326 ], [ 15.275, -12.308333333333326 ], [ 15.275, -12.316666666666661 ], [ 15.283333333333326, -12.316666666666661 ], [ 15.283333333333326, -12.325 ], [ 15.275, -12.325 ], [ 15.275, -12.333333333333327 ], [ 15.266666666666659, -12.333333333333327 ], [ 15.266666666666659, -12.35 ], [ 15.258333333333326, -12.35 ], [ 15.258333333333326, -12.36666666666666 ], [ 15.25, -12.36666666666666 ], [ 15.25, -12.383333333333328 ], [ 15.241666666666658, -12.383333333333328 ], [ 15.241666666666658, -12.39166666666666 ], [ 15.258333333333326, -12.39166666666666 ], [ 15.258333333333326, -12.375 ], [ 15.275, -12.375 ], [ 15.275, -12.36666666666666 ], [ 15.283333333333326, -12.36666666666666 ], [ 15.283333333333326, -12.39166666666666 ], [ 15.275, -12.39166666666666 ], [ 15.275, -12.4 ], [ 15.266666666666659, -12.4 ], [ 15.266666666666659, -12.425 ], [ 15.258333333333326, -12.425 ], [ 15.258333333333326, -12.416666666666661 ], [ 15.25, -12.416666666666661 ], [ 15.25, -12.425 ], [ 15.241666666666658, -12.425 ], [ 15.241666666666658, -12.433333333333326 ], [ 15.25, -12.433333333333326 ], [ 15.25, -12.441666666666661 ], [ 15.258333333333326, -12.441666666666661 ], [ 15.258333333333326, -12.45 ], [ 15.275, -12.45 ], [ 15.275, -12.441666666666661 ], [ 15.283333333333326, -12.441666666666661 ], [ 15.283333333333326, -12.433333333333326 ], [ 15.275, -12.433333333333326 ], [ 15.275, -12.425 ], [ 15.316666666666659, -12.425 ], [ 15.316666666666659, -12.416666666666661 ], [ 15.333333333333325, -12.416666666666661 ], [ 15.333333333333325, -12.425 ], [ 15.341666666666658, -12.425 ], [ 15.341666666666658, -12.433333333333326 ], [ 15.358333333333325, -12.433333333333326 ], [ 15.358333333333325, -12.425 ], [ 15.366666666666658, -12.425 ], [ 15.366666666666658, -12.416666666666661 ], [ 15.375, -12.416666666666661 ], [ 15.375, -12.408333333333328 ], [ 15.391666666666659, -12.408333333333328 ], [ 15.391666666666659, -12.416666666666661 ], [ 15.408333333333326, -12.416666666666661 ], [ 15.408333333333326, -12.425 ], [ 15.416666666666659, -12.425 ], [ 15.416666666666659, -12.433333333333326 ], [ 15.433333333333325, -12.433333333333326 ], [ 15.433333333333325, -12.441666666666661 ], [ 15.45, -12.441666666666661 ], [ 15.45, -12.45 ], [ 15.458333333333325, -12.45 ], [ 15.458333333333325, -12.458333333333327 ], [ 15.45, -12.458333333333327 ], [ 15.45, -12.475 ], [ 15.425, -12.475 ], [ 15.425, -12.483333333333327 ], [ 15.375, -12.483333333333327 ], [ 15.375, -12.49166666666666 ], [ 15.366666666666658, -12.49166666666666 ], [ 15.366666666666658, -12.5 ], [ 15.333333333333325, -12.5 ], [ 15.333333333333325, -12.508333333333328 ], [ 15.316666666666659, -12.508333333333328 ], [ 15.316666666666659, -12.51666666666666 ], [ 15.275, -12.51666666666666 ], [ 15.275, -12.533333333333328 ], [ 15.266666666666659, -12.533333333333328 ], [ 15.266666666666659, -12.525 ], [ 15.241666666666658, -12.525 ], [ 15.241666666666658, -12.49166666666666 ], [ 15.258333333333326, -12.49166666666666 ], [ 15.258333333333326, -12.483333333333327 ], [ 15.266666666666659, -12.483333333333327 ], [ 15.266666666666659, -12.458333333333327 ], [ 15.258333333333326, -12.458333333333327 ], [ 15.258333333333326, -12.466666666666661 ], [ 15.25, -12.466666666666661 ], [ 15.25, -12.475 ], [ 15.233333333333325, -12.475 ], [ 15.233333333333325, -12.483333333333327 ], [ 15.216666666666658, -12.483333333333327 ], [ 15.216666666666658, -12.49166666666666 ], [ 15.208333333333325, -12.49166666666666 ], [ 15.208333333333325, -12.508333333333328 ], [ 15.2, -12.508333333333328 ], [ 15.2, -12.525 ], [ 15.158333333333326, -12.525 ], [ 15.158333333333326, -12.55 ], [ 15.166666666666659, -12.55 ], [ 15.166666666666659, -12.566666666666661 ], [ 15.158333333333326, -12.566666666666661 ], [ 15.158333333333326, -12.59166666666666 ], [ 15.133333333333326, -12.59166666666666 ], [ 15.133333333333326, -12.6 ], [ 15.15, -12.6 ], [ 15.15, -12.608333333333327 ], [ 15.141666666666659, -12.608333333333327 ], [ 15.141666666666659, -12.61666666666666 ], [ 15.1, -12.61666666666666 ], [ 15.1, -12.625 ], [ 15.09166666666666, -12.625 ], [ 15.09166666666666, -12.633333333333328 ], [ 15.083333333333325, -12.633333333333328 ], [ 15.083333333333325, -12.65 ], [ 15.116666666666658, -12.65 ], [ 15.116666666666658, -12.658333333333328 ], [ 15.108333333333325, -12.658333333333328 ], [ 15.108333333333325, -12.675 ], [ 15.116666666666658, -12.675 ], [ 15.116666666666658, -12.691666666666659 ], [ 15.125, -12.691666666666659 ], [ 15.125, -12.7 ], [ 15.108333333333325, -12.7 ], [ 15.108333333333325, -12.71666666666666 ], [ 15.09166666666666, -12.71666666666666 ], [ 15.09166666666666, -12.708333333333327 ], [ 15.083333333333325, -12.708333333333327 ], [ 15.083333333333325, -12.7 ], [ 15.075, -12.7 ], [ 15.075, -12.691666666666659 ], [ 15.058333333333325, -12.691666666666659 ], [ 15.058333333333325, -12.683333333333326 ], [ 15.05, -12.683333333333326 ], [ 15.05, -12.64166666666666 ], [ 15.041666666666659, -12.64166666666666 ], [ 15.041666666666659, -12.625 ], [ 15.058333333333325, -12.625 ], [ 15.058333333333325, -12.61666666666666 ], [ 15.033333333333326, -12.61666666666666 ], [ 15.033333333333326, -12.625 ], [ 15.008333333333326, -12.625 ], [ 15.008333333333326, -12.61666666666666 ], [ 15.0, -12.61666666666666 ], [ 15.0, -12.633333333333328 ], [ 15.025, -12.633333333333328 ], [ 15.025, -12.64166666666666 ], [ 15.016666666666659, -12.64166666666666 ], [ 15.016666666666659, -12.658333333333328 ], [ 15.0, -12.658333333333328 ], [ 15.0, -12.666666666666661 ], [ 14.991666666666658, -12.666666666666661 ], [ 14.991666666666658, -12.675 ], [ 14.975, -12.675 ], [ 14.975, -12.666666666666661 ], [ 14.96666666666666, -12.666666666666661 ], [ 14.96666666666666, -12.675 ], [ 14.933333333333326, -12.675 ], [ 14.933333333333326, -12.666666666666661 ], [ 14.925, -12.666666666666661 ], [ 14.925, -12.683333333333326 ], [ 14.95, -12.683333333333326 ], [ 14.95, -12.691666666666659 ], [ 14.958333333333325, -12.691666666666659 ], [ 14.958333333333325, -12.7 ], [ 14.991666666666658, -12.7 ], [ 14.991666666666658, -12.733333333333327 ], [ 15.0, -12.733333333333327 ], [ 15.0, -12.74166666666666 ], [ 14.983333333333325, -12.74166666666666 ], [ 14.983333333333325, -12.76666666666666 ], [ 15.0, -12.76666666666666 ], [ 15.0, -12.775 ], [ 14.991666666666658, -12.775 ], [ 14.991666666666658, -12.783333333333326 ], [ 14.96666666666666, -12.783333333333326 ], [ 14.96666666666666, -12.75 ], [ 14.958333333333325, -12.75 ], [ 14.958333333333325, -12.74166666666666 ], [ 14.96666666666666, -12.74166666666666 ], [ 14.96666666666666, -12.725 ], [ 14.958333333333325, -12.725 ], [ 14.958333333333325, -12.71666666666666 ], [ 14.95, -12.71666666666666 ], [ 14.95, -12.708333333333327 ], [ 14.933333333333326, -12.708333333333327 ], [ 14.933333333333326, -12.71666666666666 ], [ 14.925, -12.71666666666666 ], [ 14.925, -12.725 ], [ 14.916666666666659, -12.725 ], [ 14.916666666666659, -12.733333333333327 ], [ 14.9, -12.733333333333327 ], [ 14.9, -12.725 ], [ 14.891666666666659, -12.725 ], [ 14.891666666666659, -12.71666666666666 ], [ 14.883333333333326, -12.71666666666666 ], [ 14.883333333333326, -12.708333333333327 ], [ 14.866666666666658, -12.708333333333327 ], [ 14.866666666666658, -12.7 ], [ 14.858333333333325, -12.7 ], [ 14.858333333333325, -12.683333333333326 ], [ 14.891666666666659, -12.683333333333326 ], [ 14.891666666666659, -12.675 ], [ 14.875, -12.675 ], [ 14.875, -12.666666666666661 ], [ 14.866666666666658, -12.666666666666661 ], [ 14.866666666666658, -12.64166666666666 ], [ 14.875, -12.64166666666666 ], [ 14.875, -12.633333333333328 ], [ 14.858333333333325, -12.633333333333328 ], [ 14.858333333333325, -12.64166666666666 ], [ 14.85, -12.64166666666666 ], [ 14.85, -12.65 ], [ 14.84166666666666, -12.65 ], [ 14.84166666666666, -12.64166666666666 ], [ 14.833333333333325, -12.64166666666666 ], [ 14.833333333333325, -12.658333333333328 ], [ 14.825, -12.658333333333328 ], [ 14.825, -12.666666666666661 ], [ 14.808333333333326, -12.666666666666661 ], [ 14.808333333333326, -12.675 ], [ 14.8, -12.675 ], [ 14.8, -12.683333333333326 ], [ 14.791666666666659, -12.683333333333326 ], [ 14.791666666666659, -12.691666666666659 ], [ 14.816666666666659, -12.691666666666659 ], [ 14.816666666666659, -12.7 ], [ 14.825, -12.7 ], [ 14.825, -12.708333333333327 ], [ 14.833333333333325, -12.708333333333327 ], [ 14.833333333333325, -12.725 ], [ 14.84166666666666, -12.725 ], [ 14.84166666666666, -12.733333333333327 ], [ 14.85, -12.733333333333327 ], [ 14.85, -12.75 ], [ 14.84166666666666, -12.75 ], [ 14.84166666666666, -12.74166666666666 ], [ 14.816666666666659, -12.74166666666666 ], [ 14.816666666666659, -12.775 ], [ 14.825, -12.775 ], [ 14.825, -12.783333333333326 ], [ 14.833333333333325, -12.783333333333326 ], [ 14.833333333333325, -12.825 ], [ 14.816666666666659, -12.825 ], [ 14.816666666666659, -12.875 ], [ 14.825, -12.875 ], [ 14.825, -12.883333333333326 ], [ 14.833333333333325, -12.883333333333326 ], [ 14.833333333333325, -12.9 ], [ 14.84166666666666, -12.9 ], [ 14.84166666666666, -12.916666666666661 ], [ 14.85, -12.916666666666661 ], [ 14.85, -12.908333333333326 ], [ 14.858333333333325, -12.908333333333326 ], [ 14.858333333333325, -12.933333333333326 ], [ 14.866666666666658, -12.933333333333326 ], [ 14.866666666666658, -12.941666666666659 ], [ 14.858333333333325, -12.941666666666659 ], [ 14.858333333333325, -12.95 ], [ 14.866666666666658, -12.95 ], [ 14.866666666666658, -12.958333333333327 ], [ 14.908333333333326, -12.958333333333327 ], [ 14.908333333333326, -12.975 ], [ 14.9, -12.975 ], [ 14.9, -12.983333333333327 ], [ 14.891666666666659, -12.983333333333327 ], [ 14.891666666666659, -12.99166666666666 ], [ 14.908333333333326, -12.99166666666666 ], [ 14.908333333333326, -13.0 ], [ 14.916666666666659, -13.0 ], [ 14.916666666666659, -12.99166666666666 ], [ 14.925, -12.99166666666666 ], [ 14.925, -12.983333333333327 ], [ 14.95, -12.983333333333327 ], [ 14.95, -13.0 ], [ 14.96666666666666, -13.0 ], [ 14.96666666666666, -13.008333333333326 ], [ 14.975, -13.008333333333326 ], [ 14.975, -13.01666666666666 ], [ 14.983333333333325, -13.01666666666666 ], [ 14.983333333333325, -13.025 ], [ 14.991666666666658, -13.025 ], [ 14.991666666666658, -13.033333333333326 ], [ 15.008333333333326, -13.033333333333326 ], [ 15.008333333333326, -13.041666666666661 ], [ 15.0, -13.041666666666661 ], [ 15.0, -13.05 ], [ 14.991666666666658, -13.05 ], [ 14.991666666666658, -13.058333333333326 ], [ 15.008333333333326, -13.058333333333326 ], [ 15.008333333333326, -13.05 ], [ 15.016666666666659, -13.05 ], [ 15.016666666666659, -13.09166666666666 ], [ 15.025, -13.09166666666666 ], [ 15.025, -13.083333333333327 ], [ 15.033333333333326, -13.083333333333327 ], [ 15.033333333333326, -13.075 ], [ 15.041666666666659, -13.075 ], [ 15.041666666666659, -13.166666666666661 ], [ 15.033333333333326, -13.166666666666661 ], [ 15.033333333333326, -13.191666666666659 ], [ 15.041666666666659, -13.191666666666659 ], [ 15.041666666666659, -13.208333333333327 ], [ 15.05, -13.208333333333327 ], [ 15.05, -13.21666666666666 ], [ 15.041666666666659, -13.21666666666666 ], [ 15.041666666666659, -13.25 ], [ 15.05, -13.25 ], [ 15.05, -13.225 ], [ 15.075, -13.225 ], [ 15.075, -13.21666666666666 ], [ 15.108333333333325, -13.21666666666666 ], [ 15.108333333333325, -13.208333333333327 ], [ 15.125, -13.208333333333327 ], [ 15.125, -13.2 ], [ 15.133333333333326, -13.2 ], [ 15.133333333333326, -13.191666666666659 ], [ 15.141666666666659, -13.191666666666659 ], [ 15.141666666666659, -13.183333333333326 ], [ 15.15, -13.183333333333326 ], [ 15.15, -13.175 ], [ 15.158333333333326, -13.175 ], [ 15.158333333333326, -13.183333333333326 ], [ 15.166666666666659, -13.183333333333326 ], [ 15.166666666666659, -13.191666666666659 ], [ 15.15, -13.191666666666659 ], [ 15.15, -13.21666666666666 ], [ 15.141666666666659, -13.21666666666666 ], [ 15.141666666666659, -13.24166666666666 ], [ 15.15, -13.24166666666666 ], [ 15.15, -13.26666666666666 ], [ 15.158333333333326, -13.26666666666666 ], [ 15.158333333333326, -13.258333333333326 ], [ 15.166666666666659, -13.258333333333326 ], [ 15.166666666666659, -13.25 ], [ 15.175, -13.25 ], [ 15.175, -13.24166666666666 ], [ 15.191666666666659, -13.24166666666666 ], [ 15.191666666666659, -13.25 ], [ 15.2, -13.25 ], [ 15.2, -13.26666666666666 ], [ 15.208333333333325, -13.26666666666666 ], [ 15.208333333333325, -13.275 ], [ 15.216666666666658, -13.275 ], [ 15.216666666666658, -13.258333333333326 ], [ 15.208333333333325, -13.258333333333326 ], [ 15.208333333333325, -13.25 ], [ 15.216666666666658, -13.25 ], [ 15.216666666666658, -13.21666666666666 ], [ 15.208333333333325, -13.21666666666666 ], [ 15.208333333333325, -13.208333333333327 ], [ 15.225, -13.208333333333327 ], [ 15.225, -13.2 ], [ 15.233333333333325, -13.2 ], [ 15.233333333333325, -13.225 ], [ 15.241666666666658, -13.225 ], [ 15.241666666666658, -13.233333333333327 ], [ 15.25, -13.233333333333327 ], [ 15.25, -13.24166666666666 ], [ 15.258333333333326, -13.24166666666666 ], [ 15.258333333333326, -13.25 ], [ 15.266666666666659, -13.25 ], [ 15.266666666666659, -13.258333333333326 ], [ 15.275, -13.258333333333326 ], [ 15.275, -13.308333333333326 ], [ 15.283333333333326, -13.308333333333326 ], [ 15.283333333333326, -13.316666666666659 ], [ 15.291666666666659, -13.316666666666659 ], [ 15.291666666666659, -13.333333333333327 ], [ 15.283333333333326, -13.333333333333327 ], [ 15.283333333333326, -13.358333333333327 ], [ 15.291666666666659, -13.358333333333327 ], [ 15.291666666666659, -13.34166666666666 ], [ 15.3, -13.34166666666666 ], [ 15.3, -13.316666666666659 ], [ 15.308333333333325, -13.316666666666659 ], [ 15.308333333333325, -13.308333333333326 ], [ 15.333333333333325, -13.308333333333326 ], [ 15.333333333333325, -13.3 ], [ 15.341666666666658, -13.3 ], [ 15.341666666666658, -13.291666666666659 ], [ 15.35, -13.291666666666659 ], [ 15.35, -13.283333333333326 ], [ 15.383333333333326, -13.283333333333326 ], [ 15.383333333333326, -13.275 ], [ 15.391666666666659, -13.275 ], [ 15.391666666666659, -13.26666666666666 ], [ 15.4, -13.26666666666666 ], [ 15.4, -13.291666666666659 ], [ 15.416666666666659, -13.291666666666659 ], [ 15.416666666666659, -13.3 ], [ 15.425, -13.3 ], [ 15.425, -13.291666666666659 ], [ 15.441666666666659, -13.291666666666659 ], [ 15.441666666666659, -13.283333333333326 ], [ 15.45, -13.283333333333326 ], [ 15.45, -13.25 ], [ 15.441666666666659, -13.25 ], [ 15.441666666666659, -13.24166666666666 ], [ 15.45, -13.24166666666666 ], [ 15.45, -13.225 ], [ 15.458333333333325, -13.225 ], [ 15.458333333333325, -13.191666666666659 ], [ 15.45, -13.191666666666659 ], [ 15.45, -13.183333333333326 ], [ 15.458333333333325, -13.183333333333326 ], [ 15.458333333333325, -13.166666666666661 ], [ 15.475, -13.166666666666661 ], [ 15.475, -13.175 ], [ 15.483333333333325, -13.175 ], [ 15.483333333333325, -13.191666666666659 ], [ 15.491666666666658, -13.191666666666659 ], [ 15.491666666666658, -13.2 ], [ 15.533333333333326, -13.2 ], [ 15.533333333333326, -13.191666666666659 ], [ 15.541666666666659, -13.191666666666659 ], [ 15.541666666666659, -13.175 ], [ 15.55, -13.175 ], [ 15.55, -13.15 ], [ 15.558333333333325, -13.15 ], [ 15.558333333333325, -13.175 ], [ 15.566666666666659, -13.175 ], [ 15.566666666666659, -13.191666666666659 ], [ 15.558333333333325, -13.191666666666659 ], [ 15.558333333333325, -13.208333333333327 ], [ 15.533333333333326, -13.208333333333327 ], [ 15.533333333333326, -13.225 ], [ 15.525, -13.225 ], [ 15.525, -13.258333333333326 ], [ 15.533333333333326, -13.258333333333326 ], [ 15.533333333333326, -13.275 ], [ 15.541666666666659, -13.275 ], [ 15.541666666666659, -13.283333333333326 ], [ 15.533333333333326, -13.283333333333326 ], [ 15.533333333333326, -13.308333333333326 ], [ 15.525, -13.308333333333326 ], [ 15.525, -13.34166666666666 ], [ 15.508333333333326, -13.34166666666666 ], [ 15.508333333333326, -13.35 ], [ 15.475, -13.35 ], [ 15.475, -13.358333333333327 ], [ 15.466666666666658, -13.358333333333327 ], [ 15.466666666666658, -13.35 ], [ 15.458333333333325, -13.35 ], [ 15.458333333333325, -13.34166666666666 ], [ 15.441666666666659, -13.34166666666666 ], [ 15.441666666666659, -13.333333333333327 ], [ 15.433333333333325, -13.333333333333327 ], [ 15.433333333333325, -13.325 ], [ 15.408333333333326, -13.325 ], [ 15.408333333333326, -13.333333333333327 ], [ 15.4, -13.333333333333327 ], [ 15.4, -13.36666666666666 ], [ 15.391666666666659, -13.36666666666666 ], [ 15.391666666666659, -13.375 ], [ 15.375, -13.375 ], [ 15.375, -13.4 ], [ 15.366666666666658, -13.4 ], [ 15.366666666666658, -13.408333333333326 ], [ 15.341666666666658, -13.408333333333326 ], [ 15.341666666666658, -13.416666666666659 ], [ 15.333333333333325, -13.416666666666659 ], [ 15.333333333333325, -13.45 ], [ 15.341666666666658, -13.45 ], [ 15.341666666666658, -13.458333333333325 ], [ 15.391666666666659, -13.458333333333325 ], [ 15.391666666666659, -13.45 ], [ 15.408333333333326, -13.45 ], [ 15.408333333333326, -13.458333333333325 ], [ 15.4, -13.458333333333325 ], [ 15.4, -13.46666666666666 ], [ 15.391666666666659, -13.46666666666666 ], [ 15.391666666666659, -13.49166666666666 ], [ 15.4, -13.49166666666666 ], [ 15.4, -13.5 ], [ 15.391666666666659, -13.5 ], [ 15.391666666666659, -13.566666666666659 ], [ 15.4, -13.566666666666659 ], [ 15.4, -13.55 ], [ 15.408333333333326, -13.55 ], [ 15.408333333333326, -13.541666666666659 ], [ 15.416666666666659, -13.541666666666659 ], [ 15.416666666666659, -13.55 ], [ 15.425, -13.55 ], [ 15.425, -13.566666666666659 ], [ 15.433333333333325, -13.566666666666659 ], [ 15.433333333333325, -13.575 ], [ 15.45, -13.575 ], [ 15.45, -13.558333333333326 ], [ 15.441666666666659, -13.558333333333326 ], [ 15.441666666666659, -13.55 ], [ 15.433333333333325, -13.55 ], [ 15.433333333333325, -13.541666666666659 ], [ 15.441666666666659, -13.541666666666659 ], [ 15.441666666666659, -13.533333333333326 ], [ 15.433333333333325, -13.533333333333326 ], [ 15.433333333333325, -13.508333333333326 ], [ 15.425, -13.508333333333326 ], [ 15.425, -13.5 ], [ 15.433333333333325, -13.5 ], [ 15.433333333333325, -13.483333333333327 ], [ 15.45, -13.483333333333327 ], [ 15.45, -13.475 ], [ 15.458333333333325, -13.475 ], [ 15.458333333333325, -13.441666666666659 ], [ 15.466666666666658, -13.441666666666659 ], [ 15.466666666666658, -13.45 ], [ 15.475, -13.45 ], [ 15.475, -13.46666666666666 ], [ 15.491666666666658, -13.46666666666666 ], [ 15.491666666666658, -13.475 ], [ 15.508333333333326, -13.475 ], [ 15.508333333333326, -13.483333333333327 ], [ 15.516666666666659, -13.483333333333327 ], [ 15.516666666666659, -13.49166666666666 ], [ 15.525, -13.49166666666666 ], [ 15.525, -13.5 ], [ 15.533333333333326, -13.5 ], [ 15.533333333333326, -13.508333333333326 ], [ 15.566666666666659, -13.508333333333326 ], [ 15.566666666666659, -13.483333333333327 ], [ 15.558333333333325, -13.483333333333327 ], [ 15.558333333333325, -13.475 ], [ 15.55, -13.475 ], [ 15.55, -13.458333333333325 ], [ 15.541666666666659, -13.458333333333325 ], [ 15.541666666666659, -13.441666666666659 ], [ 15.533333333333326, -13.441666666666659 ], [ 15.533333333333326, -13.433333333333326 ], [ 15.558333333333325, -13.433333333333326 ], [ 15.558333333333325, -13.441666666666659 ], [ 15.583333333333325, -13.441666666666659 ], [ 15.583333333333325, -13.433333333333326 ], [ 15.591666666666658, -13.433333333333326 ], [ 15.591666666666658, -13.425 ], [ 15.6, -13.425 ], [ 15.6, -13.4 ], [ 15.608333333333325, -13.4 ], [ 15.608333333333325, -13.383333333333326 ], [ 15.616666666666658, -13.383333333333326 ], [ 15.616666666666658, -13.391666666666659 ], [ 15.633333333333326, -13.391666666666659 ], [ 15.633333333333326, -13.4 ], [ 15.666666666666659, -13.4 ], [ 15.666666666666659, -13.408333333333326 ], [ 15.675, -13.408333333333326 ], [ 15.675, -13.416666666666659 ], [ 15.658333333333324, -13.416666666666659 ], [ 15.658333333333324, -13.425 ], [ 15.641666666666659, -13.425 ], [ 15.641666666666659, -13.433333333333326 ], [ 15.633333333333326, -13.433333333333326 ], [ 15.633333333333326, -13.45 ], [ 15.625, -13.45 ], [ 15.625, -13.46666666666666 ], [ 15.616666666666658, -13.46666666666666 ], [ 15.616666666666658, -13.49166666666666 ], [ 15.625, -13.49166666666666 ], [ 15.625, -13.5 ], [ 15.633333333333326, -13.5 ], [ 15.633333333333326, -13.516666666666659 ], [ 15.616666666666658, -13.516666666666659 ], [ 15.616666666666658, -13.508333333333326 ], [ 15.6, -13.508333333333326 ], [ 15.6, -13.525 ], [ 15.608333333333325, -13.525 ], [ 15.608333333333325, -13.575 ], [ 15.6, -13.575 ], [ 15.6, -13.583333333333325 ], [ 15.625, -13.583333333333325 ], [ 15.625, -13.566666666666659 ], [ 15.616666666666658, -13.566666666666659 ], [ 15.616666666666658, -13.558333333333326 ], [ 15.625, -13.558333333333326 ], [ 15.625, -13.55 ], [ 15.65, -13.55 ], [ 15.65, -13.541666666666659 ], [ 15.658333333333324, -13.541666666666659 ], [ 15.658333333333324, -13.55 ], [ 15.666666666666659, -13.55 ], [ 15.666666666666659, -13.558333333333326 ], [ 15.691666666666659, -13.558333333333326 ], [ 15.691666666666659, -13.533333333333326 ], [ 15.7, -13.533333333333326 ], [ 15.7, -13.525 ], [ 15.708333333333325, -13.525 ], [ 15.708333333333325, -13.558333333333326 ], [ 15.7, -13.558333333333326 ], [ 15.7, -13.566666666666659 ], [ 15.691666666666659, -13.566666666666659 ], [ 15.691666666666659, -13.583333333333325 ], [ 15.683333333333325, -13.583333333333325 ], [ 15.683333333333325, -13.608333333333325 ], [ 15.675, -13.608333333333325 ], [ 15.675, -13.633333333333326 ], [ 15.691666666666659, -13.633333333333326 ], [ 15.691666666666659, -13.65 ], [ 15.716666666666658, -13.65 ], [ 15.716666666666658, -13.633333333333326 ], [ 15.725, -13.633333333333326 ], [ 15.725, -13.61666666666666 ], [ 15.733333333333325, -13.61666666666666 ], [ 15.733333333333325, -13.625 ], [ 15.766666666666659, -13.625 ], [ 15.766666666666659, -13.6 ], [ 15.758333333333326, -13.6 ], [ 15.758333333333326, -13.583333333333325 ], [ 15.75, -13.583333333333325 ], [ 15.75, -13.575 ], [ 15.758333333333326, -13.575 ], [ 15.758333333333326, -13.566666666666659 ], [ 15.766666666666659, -13.566666666666659 ], [ 15.766666666666659, -13.533333333333326 ], [ 15.758333333333326, -13.533333333333326 ], [ 15.758333333333326, -13.525 ], [ 15.766666666666659, -13.525 ], [ 15.766666666666659, -13.475 ], [ 15.775, -13.475 ], [ 15.775, -13.483333333333327 ], [ 15.791666666666659, -13.483333333333327 ], [ 15.791666666666659, -13.55 ], [ 15.8, -13.55 ], [ 15.8, -13.558333333333326 ], [ 15.816666666666659, -13.558333333333326 ], [ 15.816666666666659, -13.55 ], [ 15.825, -13.55 ], [ 15.825, -13.541666666666659 ], [ 15.816666666666659, -13.541666666666659 ], [ 15.816666666666659, -13.525 ], [ 15.825, -13.525 ], [ 15.825, -13.508333333333326 ], [ 15.833333333333325, -13.508333333333326 ], [ 15.833333333333325, -13.49166666666666 ], [ 15.875, -13.49166666666666 ], [ 15.875, -13.475 ], [ 15.908333333333324, -13.475 ], [ 15.908333333333324, -13.45 ], [ 15.9, -13.45 ], [ 15.9, -13.441666666666659 ], [ 15.883333333333326, -13.441666666666659 ], [ 15.883333333333326, -13.433333333333326 ], [ 15.8, -13.433333333333326 ], [ 15.8, -13.425 ], [ 15.783333333333324, -13.425 ], [ 15.783333333333324, -13.416666666666659 ], [ 15.75, -13.416666666666659 ], [ 15.75, -13.375 ], [ 15.758333333333326, -13.375 ], [ 15.758333333333326, -13.358333333333327 ], [ 15.766666666666659, -13.358333333333327 ], [ 15.766666666666659, -13.35 ], [ 15.758333333333326, -13.35 ], [ 15.758333333333326, -13.333333333333327 ], [ 15.75, -13.333333333333327 ], [ 15.75, -13.325 ], [ 15.733333333333325, -13.325 ], [ 15.733333333333325, -13.308333333333326 ], [ 15.75, -13.308333333333326 ], [ 15.75, -13.3 ], [ 15.775, -13.3 ], [ 15.775, -13.308333333333326 ], [ 15.783333333333324, -13.308333333333326 ], [ 15.783333333333324, -13.316666666666659 ], [ 15.8, -13.316666666666659 ], [ 15.8, -13.308333333333326 ], [ 15.791666666666659, -13.308333333333326 ], [ 15.791666666666659, -13.3 ], [ 15.783333333333324, -13.3 ], [ 15.783333333333324, -13.291666666666659 ], [ 15.8, -13.291666666666659 ], [ 15.8, -13.283333333333326 ], [ 15.808333333333325, -13.283333333333326 ], [ 15.808333333333325, -13.291666666666659 ], [ 15.816666666666659, -13.291666666666659 ], [ 15.816666666666659, -13.283333333333326 ], [ 15.833333333333325, -13.283333333333326 ], [ 15.833333333333325, -13.291666666666659 ], [ 15.85, -13.291666666666659 ], [ 15.85, -13.3 ], [ 15.858333333333325, -13.3 ], [ 15.858333333333325, -13.275 ], [ 15.85, -13.275 ], [ 15.85, -13.26666666666666 ], [ 15.858333333333325, -13.26666666666666 ], [ 15.858333333333325, -13.258333333333326 ], [ 15.866666666666658, -13.258333333333326 ], [ 15.866666666666658, -13.275 ], [ 15.883333333333326, -13.275 ], [ 15.883333333333326, -13.25 ], [ 15.9, -13.25 ], [ 15.9, -13.24166666666666 ], [ 15.916666666666659, -13.24166666666666 ], [ 15.916666666666659, -13.258333333333326 ], [ 15.925, -13.258333333333326 ], [ 15.925, -13.26666666666666 ], [ 15.933333333333325, -13.26666666666666 ], [ 15.933333333333325, -13.275 ], [ 15.941666666666659, -13.275 ], [ 15.941666666666659, -13.3 ], [ 15.95, -13.3 ], [ 15.95, -13.291666666666659 ], [ 15.958333333333325, -13.291666666666659 ], [ 15.958333333333325, -13.283333333333326 ], [ 15.966666666666658, -13.283333333333326 ], [ 15.966666666666658, -13.291666666666659 ], [ 15.975, -13.291666666666659 ], [ 15.975, -13.3 ], [ 15.966666666666658, -13.3 ], [ 15.966666666666658, -13.316666666666659 ], [ 15.975, -13.316666666666659 ], [ 15.975, -13.308333333333326 ], [ 15.983333333333325, -13.308333333333326 ], [ 15.983333333333325, -13.316666666666659 ], [ 16.0, -13.316666666666659 ], [ 16.0, -13.308333333333326 ], [ 15.991666666666658, -13.308333333333326 ], [ 15.991666666666658, -13.3 ], [ 16.0, -13.3 ], [ 16.0, -13.291666666666659 ], [ 15.991666666666658, -13.291666666666659 ], [ 15.991666666666658, -13.283333333333326 ], [ 15.975, -13.283333333333326 ], [ 15.975, -13.275 ], [ 15.983333333333325, -13.275 ], [ 15.983333333333325, -13.258333333333326 ], [ 15.975, -13.258333333333326 ], [ 15.975, -13.225 ], [ 15.966666666666658, -13.225 ], [ 15.966666666666658, -13.21666666666666 ], [ 15.975, -13.21666666666666 ], [ 15.975, -13.208333333333327 ], [ 15.983333333333325, -13.208333333333327 ], [ 15.983333333333325, -13.191666666666659 ], [ 15.991666666666658, -13.191666666666659 ], [ 15.991666666666658, -13.133333333333326 ], [ 16.0, -13.133333333333326 ], [ 16.0, -13.11666666666666 ], [ 16.008333333333326, -13.11666666666666 ], [ 16.008333333333326, -13.09166666666666 ], [ 16.025, -13.09166666666666 ], [ 16.025, -13.083333333333327 ], [ 16.033333333333324, -13.083333333333327 ], [ 16.033333333333324, -13.075 ], [ 16.041666666666657, -13.075 ], [ 16.041666666666657, -13.066666666666659 ], [ 16.058333333333326, -13.066666666666659 ], [ 16.058333333333326, -13.058333333333326 ], [ 16.1, -13.058333333333326 ], [ 16.1, -13.066666666666659 ], [ 16.108333333333324, -13.066666666666659 ], [ 16.108333333333324, -13.075 ], [ 16.125, -13.075 ], [ 16.125, -13.083333333333327 ], [ 16.133333333333326, -13.083333333333327 ], [ 16.133333333333326, -13.09166666666666 ], [ 16.141666666666659, -13.09166666666666 ], [ 16.141666666666659, -13.108333333333327 ], [ 16.133333333333326, -13.108333333333327 ], [ 16.133333333333326, -13.11666666666666 ], [ 16.15, -13.11666666666666 ], [ 16.15, -13.108333333333327 ], [ 16.158333333333324, -13.108333333333327 ], [ 16.158333333333324, -13.1 ], [ 16.15, -13.1 ], [ 16.15, -13.066666666666659 ], [ 16.158333333333324, -13.066666666666659 ], [ 16.158333333333324, -13.05 ], [ 16.166666666666657, -13.05 ], [ 16.166666666666657, -13.033333333333326 ], [ 16.175, -13.033333333333326 ], [ 16.175, -13.025 ], [ 16.166666666666657, -13.025 ], [ 16.166666666666657, -13.008333333333326 ], [ 16.175, -13.008333333333326 ], [ 16.175, -13.0 ], [ 16.183333333333326, -13.0 ], [ 16.183333333333326, -12.99166666666666 ], [ 16.208333333333325, -12.99166666666666 ], [ 16.208333333333325, -12.983333333333327 ], [ 16.175, -12.983333333333327 ], [ 16.175, -12.99166666666666 ], [ 16.166666666666657, -12.99166666666666 ], [ 16.166666666666657, -12.958333333333327 ], [ 16.175, -12.958333333333327 ], [ 16.175, -12.941666666666659 ], [ 16.2, -12.941666666666659 ], [ 16.2, -12.925 ], [ 16.208333333333325, -12.925 ], [ 16.208333333333325, -12.916666666666661 ], [ 16.216666666666658, -12.916666666666661 ], [ 16.216666666666658, -12.908333333333326 ], [ 16.24166666666666, -12.908333333333326 ], [ 16.24166666666666, -12.9 ], [ 16.208333333333325, -12.9 ], [ 16.208333333333325, -12.908333333333326 ], [ 16.2, -12.908333333333326 ], [ 16.2, -12.9 ], [ 16.166666666666657, -12.9 ], [ 16.166666666666657, -12.86666666666666 ], [ 16.15, -12.86666666666666 ], [ 16.15, -12.85 ], [ 16.158333333333324, -12.85 ], [ 16.158333333333324, -12.84166666666666 ], [ 16.175, -12.84166666666666 ], [ 16.175, -12.833333333333327 ], [ 16.191666666666659, -12.833333333333327 ], [ 16.191666666666659, -12.85 ], [ 16.208333333333325, -12.85 ], [ 16.208333333333325, -12.84166666666666 ], [ 16.2, -12.84166666666666 ], [ 16.2, -12.816666666666659 ], [ 16.208333333333325, -12.816666666666659 ], [ 16.208333333333325, -12.8 ], [ 16.2, -12.8 ], [ 16.2, -12.808333333333326 ], [ 16.191666666666659, -12.808333333333326 ], [ 16.191666666666659, -12.816666666666659 ], [ 16.183333333333326, -12.816666666666659 ], [ 16.183333333333326, -12.825 ], [ 16.175, -12.825 ], [ 16.175, -12.816666666666659 ], [ 16.125, -12.816666666666659 ], [ 16.125, -12.808333333333326 ], [ 16.11666666666666, -12.808333333333326 ], [ 16.11666666666666, -12.775 ], [ 16.108333333333324, -12.775 ], [ 16.108333333333324, -12.76666666666666 ], [ 16.11666666666666, -12.76666666666666 ], [ 16.11666666666666, -12.74166666666666 ], [ 16.15, -12.74166666666666 ], [ 16.15, -12.733333333333327 ], [ 16.166666666666657, -12.733333333333327 ], [ 16.166666666666657, -12.74166666666666 ], [ 16.183333333333326, -12.74166666666666 ], [ 16.183333333333326, -12.758333333333328 ], [ 16.191666666666659, -12.758333333333328 ], [ 16.191666666666659, -12.75 ], [ 16.2, -12.75 ], [ 16.2, -12.76666666666666 ], [ 16.216666666666658, -12.76666666666666 ], [ 16.216666666666658, -12.758333333333328 ], [ 16.208333333333325, -12.758333333333328 ], [ 16.208333333333325, -12.74166666666666 ], [ 16.233333333333324, -12.74166666666666 ], [ 16.233333333333324, -12.75 ], [ 16.24166666666666, -12.75 ], [ 16.24166666666666, -12.733333333333327 ], [ 16.233333333333324, -12.733333333333327 ], [ 16.233333333333324, -12.725 ], [ 16.225, -12.725 ], [ 16.225, -12.71666666666666 ], [ 16.25, -12.71666666666666 ], [ 16.25, -12.708333333333327 ], [ 16.258333333333326, -12.708333333333327 ], [ 16.258333333333326, -12.7 ], [ 16.24166666666666, -12.7 ], [ 16.24166666666666, -12.691666666666659 ], [ 16.25, -12.691666666666659 ], [ 16.25, -12.683333333333326 ], [ 16.24166666666666, -12.683333333333326 ], [ 16.24166666666666, -12.675 ], [ 16.233333333333324, -12.675 ], [ 16.233333333333324, -12.666666666666661 ], [ 16.208333333333325, -12.666666666666661 ], [ 16.208333333333325, -12.658333333333328 ], [ 16.225, -12.658333333333328 ], [ 16.225, -12.65 ], [ 16.233333333333324, -12.65 ], [ 16.233333333333324, -12.64166666666666 ], [ 16.258333333333326, -12.64166666666666 ], [ 16.258333333333326, -12.65 ], [ 16.266666666666659, -12.65 ], [ 16.266666666666659, -12.658333333333328 ], [ 16.275, -12.658333333333328 ], [ 16.275, -12.666666666666661 ], [ 16.266666666666659, -12.666666666666661 ], [ 16.266666666666659, -12.691666666666659 ], [ 16.275, -12.691666666666659 ], [ 16.275, -12.7 ], [ 16.291666666666657, -12.7 ], [ 16.291666666666657, -12.75 ], [ 16.283333333333324, -12.75 ], [ 16.283333333333324, -12.758333333333328 ], [ 16.3, -12.758333333333328 ], [ 16.3, -12.74166666666666 ], [ 16.316666666666659, -12.74166666666666 ], [ 16.316666666666659, -12.75 ], [ 16.325, -12.75 ], [ 16.325, -12.76666666666666 ], [ 16.333333333333325, -12.76666666666666 ], [ 16.333333333333325, -12.758333333333328 ], [ 16.341666666666658, -12.758333333333328 ], [ 16.341666666666658, -12.75 ], [ 16.375, -12.75 ], [ 16.375, -12.733333333333327 ], [ 16.36666666666666, -12.733333333333327 ], [ 16.36666666666666, -12.7 ], [ 16.358333333333324, -12.7 ], [ 16.358333333333324, -12.708333333333327 ], [ 16.341666666666658, -12.708333333333327 ], [ 16.341666666666658, -12.71666666666666 ], [ 16.333333333333325, -12.71666666666666 ], [ 16.333333333333325, -12.7 ], [ 16.325, -12.7 ], [ 16.325, -12.691666666666659 ], [ 16.333333333333325, -12.691666666666659 ], [ 16.333333333333325, -12.683333333333326 ], [ 16.35, -12.683333333333326 ], [ 16.35, -12.675 ], [ 16.358333333333324, -12.675 ], [ 16.358333333333324, -12.666666666666661 ], [ 16.35, -12.666666666666661 ], [ 16.35, -12.658333333333328 ], [ 16.308333333333326, -12.658333333333328 ], [ 16.308333333333326, -12.6 ], [ 16.316666666666659, -12.6 ], [ 16.316666666666659, -12.59166666666666 ], [ 16.325, -12.59166666666666 ], [ 16.325, -12.541666666666661 ], [ 16.3, -12.541666666666661 ], [ 16.3, -12.533333333333328 ], [ 16.291666666666657, -12.533333333333328 ], [ 16.291666666666657, -12.525 ], [ 16.3, -12.525 ], [ 16.3, -12.508333333333328 ], [ 16.283333333333324, -12.508333333333328 ], [ 16.283333333333324, -12.5 ], [ 16.275, -12.5 ], [ 16.275, -12.475 ], [ 16.266666666666659, -12.475 ], [ 16.266666666666659, -12.466666666666661 ], [ 16.258333333333326, -12.466666666666661 ], [ 16.258333333333326, -12.45 ], [ 16.25, -12.45 ], [ 16.25, -12.4 ], [ 16.24166666666666, -12.4 ], [ 16.24166666666666, -12.383333333333328 ], [ 16.233333333333324, -12.383333333333328 ], [ 16.233333333333324, -12.375 ], [ 16.24166666666666, -12.375 ], [ 16.24166666666666, -12.36666666666666 ], [ 16.233333333333324, -12.36666666666666 ], [ 16.233333333333324, -12.358333333333327 ], [ 16.225, -12.358333333333327 ], [ 16.225, -12.36666666666666 ], [ 16.216666666666658, -12.36666666666666 ], [ 16.216666666666658, -12.358333333333327 ], [ 16.208333333333325, -12.358333333333327 ], [ 16.208333333333325, -12.35 ], [ 16.191666666666659, -12.35 ], [ 16.191666666666659, -12.325 ], [ 16.2, -12.325 ], [ 16.2, -12.316666666666661 ], [ 16.216666666666658, -12.316666666666661 ], [ 16.216666666666658, -12.308333333333326 ], [ 16.191666666666659, -12.308333333333326 ], [ 16.191666666666659, -12.3 ], [ 16.175, -12.3 ], [ 16.175, -12.308333333333326 ], [ 16.166666666666657, -12.308333333333326 ], [ 16.166666666666657, -12.283333333333328 ], [ 16.158333333333324, -12.283333333333328 ], [ 16.158333333333324, -12.3 ], [ 16.141666666666659, -12.3 ], [ 16.141666666666659, -12.275 ], [ 16.133333333333326, -12.275 ], [ 16.133333333333326, -12.233333333333327 ], [ 16.125, -12.233333333333327 ], [ 16.125, -12.24166666666666 ], [ 16.11666666666666, -12.24166666666666 ], [ 16.11666666666666, -12.25 ], [ 16.125, -12.25 ], [ 16.125, -12.258333333333328 ], [ 16.11666666666666, -12.258333333333328 ], [ 16.11666666666666, -12.26666666666666 ], [ 16.108333333333324, -12.26666666666666 ], [ 16.108333333333324, -12.275 ], [ 16.066666666666659, -12.275 ], [ 16.066666666666659, -12.283333333333328 ], [ 16.033333333333324, -12.283333333333328 ], [ 16.033333333333324, -12.26666666666666 ], [ 16.025, -12.26666666666666 ], [ 16.025, -12.258333333333328 ], [ 16.008333333333326, -12.258333333333328 ], [ 16.008333333333326, -12.25 ], [ 16.0, -12.25 ], [ 16.0, -12.233333333333327 ], [ 16.041666666666657, -12.233333333333327 ], [ 16.041666666666657, -12.24166666666666 ], [ 16.05, -12.24166666666666 ], [ 16.05, -12.233333333333327 ], [ 16.066666666666659, -12.233333333333327 ], [ 16.066666666666659, -12.225 ], [ 16.1, -12.225 ], [ 16.1, -12.216666666666661 ], [ 16.066666666666659, -12.216666666666661 ], [ 16.066666666666659, -12.208333333333327 ], [ 16.083333333333325, -12.208333333333327 ], [ 16.083333333333325, -12.2 ], [ 16.1, -12.2 ], [ 16.1, -12.183333333333328 ], [ 16.091666666666658, -12.183333333333328 ], [ 16.091666666666658, -12.191666666666661 ], [ 16.083333333333325, -12.191666666666661 ], [ 16.083333333333325, -12.183333333333328 ], [ 16.058333333333326, -12.183333333333328 ], [ 16.058333333333326, -12.175 ], [ 16.066666666666659, -12.175 ], [ 16.066666666666659, -12.166666666666661 ], [ 16.075, -12.166666666666661 ], [ 16.075, -12.158333333333328 ], [ 16.058333333333326, -12.158333333333328 ], [ 16.058333333333326, -12.166666666666661 ], [ 16.041666666666657, -12.166666666666661 ], [ 16.041666666666657, -12.133333333333328 ], [ 16.05, -12.133333333333328 ], [ 16.05, -12.14166666666666 ], [ 16.058333333333326, -12.14166666666666 ], [ 16.058333333333326, -12.133333333333328 ], [ 16.075, -12.133333333333328 ], [ 16.075, -12.125 ], [ 16.041666666666657, -12.125 ], [ 16.041666666666657, -12.11666666666666 ], [ 16.033333333333324, -12.11666666666666 ], [ 16.033333333333324, -12.108333333333327 ], [ 16.041666666666657, -12.108333333333327 ], [ 16.041666666666657, -12.1 ], [ 16.05, -12.1 ], [ 16.05, -12.091666666666661 ], [ 16.041666666666657, -12.091666666666661 ], [ 16.041666666666657, -12.083333333333327 ], [ 16.025, -12.083333333333327 ], [ 16.025, -12.075 ], [ 15.991666666666658, -12.075 ], [ 15.991666666666658, -12.083333333333327 ], [ 15.983333333333325, -12.083333333333327 ], [ 15.983333333333325, -12.075 ], [ 15.975, -12.075 ], [ 15.975, -12.066666666666661 ], [ 15.958333333333325, -12.066666666666661 ], [ 15.958333333333325, -12.058333333333328 ], [ 15.966666666666658, -12.058333333333328 ], [ 15.966666666666658, -12.05 ], [ 15.975, -12.05 ], [ 15.975, -12.033333333333328 ], [ 15.991666666666658, -12.033333333333328 ], [ 15.991666666666658, -12.01666666666666 ], [ 16.008333333333326, -12.01666666666666 ], [ 16.008333333333326, -12.025 ], [ 16.016666666666659, -12.025 ], [ 16.016666666666659, -12.041666666666661 ], [ 16.033333333333324, -12.041666666666661 ], [ 16.033333333333324, -12.033333333333328 ], [ 16.025, -12.033333333333328 ], [ 16.025, -12.01666666666666 ], [ 16.016666666666659, -12.01666666666666 ], [ 16.016666666666659, -12.008333333333328 ], [ 16.025, -12.008333333333328 ], [ 16.025, -12.0 ], [ 16.058333333333326, -12.0 ], [ 16.058333333333326, -11.991666666666662 ], [ 16.05, -11.991666666666662 ], [ 16.05, -11.983333333333327 ], [ 16.058333333333326, -11.983333333333327 ], [ 16.058333333333326, -11.975 ], [ 16.041666666666657, -11.975 ], [ 16.041666666666657, -11.966666666666661 ], [ 16.05, -11.966666666666661 ], [ 16.05, -11.941666666666661 ], [ 16.033333333333324, -11.941666666666661 ], [ 16.033333333333324, -11.975 ], [ 16.016666666666659, -11.975 ], [ 16.016666666666659, -11.958333333333329 ], [ 16.008333333333326, -11.958333333333329 ], [ 16.008333333333326, -11.975 ], [ 15.991666666666658, -11.975 ], [ 15.991666666666658, -11.966666666666661 ], [ 16.0, -11.966666666666661 ], [ 16.0, -11.958333333333329 ], [ 15.966666666666658, -11.958333333333329 ], [ 15.966666666666658, -11.95 ], [ 15.958333333333325, -11.95 ], [ 15.958333333333325, -11.941666666666661 ], [ 15.95, -11.941666666666661 ], [ 15.95, -11.958333333333329 ], [ 15.958333333333325, -11.958333333333329 ], [ 15.958333333333325, -11.966666666666661 ], [ 15.975, -11.966666666666661 ], [ 15.975, -11.975 ], [ 15.966666666666658, -11.975 ], [ 15.966666666666658, -11.983333333333327 ], [ 15.975, -11.983333333333327 ], [ 15.975, -11.991666666666662 ], [ 15.966666666666658, -11.991666666666662 ], [ 15.966666666666658, -12.008333333333328 ], [ 15.95, -12.008333333333328 ], [ 15.95, -12.01666666666666 ], [ 15.941666666666659, -12.01666666666666 ], [ 15.941666666666659, -12.033333333333328 ], [ 15.933333333333325, -12.033333333333328 ], [ 15.933333333333325, -12.041666666666661 ], [ 15.916666666666659, -12.041666666666661 ], [ 15.916666666666659, -12.05 ], [ 15.908333333333324, -12.05 ], [ 15.908333333333324, -12.066666666666661 ], [ 15.9, -12.066666666666661 ], [ 15.9, -12.033333333333328 ], [ 15.908333333333324, -12.033333333333328 ], [ 15.908333333333324, -12.008333333333328 ], [ 15.9, -12.008333333333328 ], [ 15.9, -12.0 ], [ 15.891666666666659, -12.0 ], [ 15.891666666666659, -11.983333333333327 ], [ 15.908333333333324, -11.983333333333327 ], [ 15.908333333333324, -11.975 ], [ 15.9, -11.975 ], [ 15.9, -11.966666666666661 ], [ 15.883333333333326, -11.966666666666661 ], [ 15.883333333333326, -11.975 ], [ 15.875, -11.975 ], [ 15.875, -11.991666666666662 ], [ 15.883333333333326, -11.991666666666662 ], [ 15.883333333333326, -12.0 ], [ 15.875, -12.0 ], [ 15.875, -12.01666666666666 ], [ 15.866666666666658, -12.01666666666666 ], [ 15.866666666666658, -12.041666666666661 ], [ 15.85, -12.041666666666661 ], [ 15.85, -12.125 ], [ 15.841666666666658, -12.125 ], [ 15.841666666666658, -12.11666666666666 ], [ 15.833333333333325, -12.11666666666666 ], [ 15.833333333333325, -12.108333333333327 ], [ 15.816666666666659, -12.108333333333327 ], [ 15.816666666666659, -12.091666666666661 ], [ 15.808333333333325, -12.091666666666661 ], [ 15.808333333333325, -12.083333333333327 ], [ 15.816666666666659, -12.083333333333327 ], [ 15.816666666666659, -12.075 ], [ 15.808333333333325, -12.075 ], [ 15.808333333333325, -12.05 ], [ 15.816666666666659, -12.05 ], [ 15.816666666666659, -12.041666666666661 ], [ 15.808333333333325, -12.041666666666661 ], [ 15.808333333333325, -12.01666666666666 ], [ 15.791666666666659, -12.01666666666666 ], [ 15.791666666666659, -12.008333333333328 ], [ 15.783333333333324, -12.008333333333328 ], [ 15.783333333333324, -11.966666666666661 ], [ 15.775, -11.966666666666661 ], [ 15.775, -12.008333333333328 ], [ 15.766666666666659, -12.008333333333328 ], [ 15.766666666666659, -12.01666666666666 ], [ 15.75, -12.01666666666666 ], [ 15.75, -12.0 ], [ 15.733333333333325, -12.0 ], [ 15.733333333333325, -12.008333333333328 ], [ 15.716666666666658, -12.008333333333328 ], [ 15.716666666666658, -11.991666666666662 ], [ 15.7, -11.991666666666662 ], [ 15.7, -12.0 ], [ 15.691666666666659, -12.0 ], [ 15.691666666666659, -12.008333333333328 ], [ 15.683333333333325, -12.008333333333328 ], [ 15.683333333333325, -12.01666666666666 ], [ 15.675, -12.01666666666666 ], [ 15.675, -12.025 ], [ 15.691666666666659, -12.025 ], [ 15.691666666666659, -12.033333333333328 ], [ 15.7, -12.033333333333328 ], [ 15.7, -12.05 ], [ 15.691666666666659, -12.05 ], [ 15.691666666666659, -12.058333333333328 ], [ 15.683333333333325, -12.058333333333328 ], [ 15.683333333333325, -12.066666666666661 ], [ 15.7, -12.066666666666661 ], [ 15.7, -12.058333333333328 ], [ 15.708333333333325, -12.058333333333328 ], [ 15.708333333333325, -12.066666666666661 ], [ 15.733333333333325, -12.066666666666661 ], [ 15.733333333333325, -12.091666666666661 ], [ 15.708333333333325, -12.091666666666661 ], [ 15.708333333333325, -12.11666666666666 ], [ 15.716666666666658, -12.11666666666666 ], [ 15.716666666666658, -12.125 ], [ 15.683333333333325, -12.125 ], [ 15.683333333333325, -12.14166666666666 ], [ 15.675, -12.14166666666666 ], [ 15.675, -12.125 ], [ 15.666666666666659, -12.125 ], [ 15.666666666666659, -12.108333333333327 ], [ 15.658333333333324, -12.108333333333327 ], [ 15.658333333333324, -12.083333333333327 ], [ 15.616666666666658, -12.083333333333327 ], [ 15.616666666666658, -12.075 ], [ 15.608333333333325, -12.075 ], [ 15.608333333333325, -12.066666666666661 ], [ 15.591666666666658, -12.066666666666661 ], [ 15.591666666666658, -12.058333333333328 ], [ 15.533333333333326, -12.058333333333328 ], [ 15.533333333333326, -12.05 ], [ 15.5, -12.05 ], [ 15.5, -12.058333333333328 ], [ 15.475, -12.058333333333328 ], [ 15.475, -12.066666666666661 ], [ 15.466666666666658, -12.066666666666661 ], [ 15.466666666666658, -12.083333333333327 ], [ 15.458333333333325, -12.083333333333327 ], [ 15.458333333333325, -12.075 ], [ 15.45, -12.075 ], [ 15.45, -12.066666666666661 ], [ 15.433333333333325, -12.066666666666661 ], [ 15.433333333333325, -12.058333333333328 ], [ 15.425, -12.058333333333328 ], [ 15.425, -12.041666666666661 ], [ 15.433333333333325, -12.041666666666661 ], [ 15.433333333333325, -12.033333333333328 ], [ 15.425, -12.033333333333328 ], [ 15.425, -12.025 ], [ 15.416666666666659, -12.025 ], [ 15.416666666666659, -12.033333333333328 ], [ 15.408333333333326, -12.033333333333328 ], [ 15.408333333333326, -12.01666666666666 ], [ 15.4, -12.01666666666666 ], [ 15.4, -12.008333333333328 ], [ 15.391666666666659, -12.008333333333328 ], [ 15.391666666666659, -11.966666666666661 ], [ 15.383333333333326, -11.966666666666661 ], [ 15.383333333333326, -11.958333333333329 ], [ 15.375, -11.958333333333329 ], [ 15.375, -11.95 ], [ 15.358333333333325, -11.95 ], [ 15.358333333333325, -11.941666666666661 ], [ 15.35, -11.941666666666661 ] ], [ [ 15.266666666666659, -12.008333333333328 ], [ 15.275, -12.008333333333328 ], [ 15.275, -12.01666666666666 ], [ 15.266666666666659, -12.01666666666666 ], [ 15.266666666666659, -12.008333333333328 ] ], [ [ 15.725, -12.01666666666666 ], [ 15.733333333333325, -12.01666666666666 ], [ 15.733333333333325, -12.025 ], [ 15.725, -12.025 ], [ 15.725, -12.01666666666666 ] ], [ [ 15.325, -12.025 ], [ 15.333333333333325, -12.025 ], [ 15.333333333333325, -12.041666666666661 ], [ 15.325, -12.041666666666661 ], [ 15.325, -12.025 ] ], [ [ 15.75, -12.125 ], [ 15.775, -12.125 ], [ 15.775, -12.14166666666666 ], [ 15.766666666666659, -12.14166666666666 ], [ 15.766666666666659, -12.133333333333328 ], [ 15.75, -12.133333333333328 ], [ 15.75, -12.125 ] ], [ [ 15.316666666666659, -12.158333333333328 ], [ 15.325, -12.158333333333328 ], [ 15.325, -12.191666666666661 ], [ 15.316666666666659, -12.191666666666661 ], [ 15.316666666666659, -12.158333333333328 ] ], [ [ 15.383333333333326, -12.166666666666661 ], [ 15.4, -12.166666666666661 ], [ 15.4, -12.183333333333328 ], [ 15.391666666666659, -12.183333333333328 ], [ 15.391666666666659, -12.191666666666661 ], [ 15.375, -12.191666666666661 ], [ 15.375, -12.175 ], [ 15.383333333333326, -12.175 ], [ 15.383333333333326, -12.166666666666661 ] ], [ [ 15.175, -12.175 ], [ 15.183333333333325, -12.175 ], [ 15.183333333333325, -12.183333333333328 ], [ 15.175, -12.183333333333328 ], [ 15.175, -12.175 ] ], [ [ 15.208333333333325, -12.191666666666661 ], [ 15.216666666666658, -12.191666666666661 ], [ 15.216666666666658, -12.2 ], [ 15.258333333333326, -12.2 ], [ 15.258333333333326, -12.191666666666661 ], [ 15.275, -12.191666666666661 ], [ 15.275, -12.225 ], [ 15.266666666666659, -12.225 ], [ 15.266666666666659, -12.233333333333327 ], [ 15.258333333333326, -12.233333333333327 ], [ 15.258333333333326, -12.24166666666666 ], [ 15.241666666666658, -12.24166666666666 ], [ 15.241666666666658, -12.233333333333327 ], [ 15.233333333333325, -12.233333333333327 ], [ 15.233333333333325, -12.225 ], [ 15.225, -12.225 ], [ 15.225, -12.216666666666661 ], [ 15.216666666666658, -12.216666666666661 ], [ 15.216666666666658, -12.208333333333327 ], [ 15.208333333333325, -12.208333333333327 ], [ 15.208333333333325, -12.191666666666661 ] ], [ [ 16.0, -12.191666666666661 ], [ 16.016666666666659, -12.191666666666661 ], [ 16.016666666666659, -12.2 ], [ 16.0, -12.2 ], [ 16.0, -12.191666666666661 ] ], [ [ 15.958333333333325, -12.308333333333326 ], [ 15.966666666666658, -12.308333333333326 ], [ 15.966666666666658, -12.316666666666661 ], [ 15.958333333333325, -12.316666666666661 ], [ 15.958333333333325, -12.308333333333326 ] ], [ [ 16.183333333333326, -12.308333333333326 ], [ 16.191666666666659, -12.308333333333326 ], [ 16.191666666666659, -12.316666666666661 ], [ 16.183333333333326, -12.316666666666661 ], [ 16.183333333333326, -12.308333333333326 ] ], [ [ 16.05, -12.316666666666661 ], [ 16.058333333333326, -12.316666666666661 ], [ 16.058333333333326, -12.325 ], [ 16.05, -12.325 ], [ 16.05, -12.316666666666661 ] ], [ [ 16.108333333333324, -12.316666666666661 ], [ 16.11666666666666, -12.316666666666661 ], [ 16.11666666666666, -12.325 ], [ 16.125, -12.325 ], [ 16.125, -12.333333333333327 ], [ 16.108333333333324, -12.333333333333327 ], [ 16.108333333333324, -12.316666666666661 ] ], [ [ 16.133333333333326, -12.316666666666661 ], [ 16.141666666666659, -12.316666666666661 ], [ 16.141666666666659, -12.325 ], [ 16.133333333333326, -12.325 ], [ 16.133333333333326, -12.316666666666661 ] ], [ [ 15.308333333333325, -12.325 ], [ 15.316666666666659, -12.325 ], [ 15.316666666666659, -12.333333333333327 ], [ 15.308333333333325, -12.333333333333327 ], [ 15.308333333333325, -12.325 ] ], [ [ 15.383333333333326, -12.325 ], [ 15.391666666666659, -12.325 ], [ 15.391666666666659, -12.333333333333327 ], [ 15.4, -12.333333333333327 ], [ 15.4, -12.341666666666661 ], [ 15.408333333333326, -12.341666666666661 ], [ 15.408333333333326, -12.35 ], [ 15.391666666666659, -12.35 ], [ 15.391666666666659, -12.358333333333327 ], [ 15.383333333333326, -12.358333333333327 ], [ 15.383333333333326, -12.325 ] ], [ [ 15.45, -12.325 ], [ 15.458333333333325, -12.325 ], [ 15.458333333333325, -12.333333333333327 ], [ 15.45, -12.333333333333327 ], [ 15.45, -12.325 ] ], [ [ 15.458333333333325, -12.333333333333327 ], [ 15.466666666666658, -12.333333333333327 ], [ 15.466666666666658, -12.341666666666661 ], [ 15.458333333333325, -12.341666666666661 ], [ 15.458333333333325, -12.333333333333327 ] ], [ [ 15.841666666666658, -12.333333333333327 ], [ 15.85, -12.333333333333327 ], [ 15.85, -12.341666666666661 ], [ 15.858333333333325, -12.341666666666661 ], [ 15.858333333333325, -12.35 ], [ 15.85, -12.35 ], [ 15.85, -12.358333333333327 ], [ 15.841666666666658, -12.358333333333327 ], [ 15.841666666666658, -12.333333333333327 ] ], [ [ 15.075, -12.358333333333327 ], [ 15.083333333333325, -12.358333333333327 ], [ 15.083333333333325, -12.36666666666666 ], [ 15.075, -12.36666666666666 ], [ 15.075, -12.358333333333327 ] ], [ [ 15.283333333333326, -12.358333333333327 ], [ 15.291666666666659, -12.358333333333327 ], [ 15.291666666666659, -12.36666666666666 ], [ 15.283333333333326, -12.36666666666666 ], [ 15.283333333333326, -12.358333333333327 ] ], [ [ 15.833333333333325, -12.358333333333327 ], [ 15.841666666666658, -12.358333333333327 ], [ 15.841666666666658, -12.375 ], [ 15.833333333333325, -12.375 ], [ 15.833333333333325, -12.358333333333327 ] ], [ [ 15.325, -12.36666666666666 ], [ 15.341666666666658, -12.36666666666666 ], [ 15.341666666666658, -12.383333333333328 ], [ 15.316666666666659, -12.383333333333328 ], [ 15.316666666666659, -12.375 ], [ 15.325, -12.375 ], [ 15.325, -12.36666666666666 ] ], [ [ 16.2, -12.375 ], [ 16.225, -12.375 ], [ 16.225, -12.4 ], [ 16.216666666666658, -12.4 ], [ 16.216666666666658, -12.416666666666661 ], [ 16.225, -12.416666666666661 ], [ 16.225, -12.433333333333326 ], [ 16.183333333333326, -12.433333333333326 ], [ 16.183333333333326, -12.416666666666661 ], [ 16.191666666666659, -12.416666666666661 ], [ 16.191666666666659, -12.4 ], [ 16.2, -12.4 ], [ 16.2, -12.375 ] ], [ [ 16.183333333333326, -12.49166666666666 ], [ 16.191666666666659, -12.49166666666666 ], [ 16.191666666666659, -12.5 ], [ 16.183333333333326, -12.5 ], [ 16.183333333333326, -12.49166666666666 ] ], [ [ 15.166666666666659, -12.533333333333328 ], [ 15.183333333333325, -12.533333333333328 ], [ 15.183333333333325, -12.541666666666661 ], [ 15.166666666666659, -12.541666666666661 ], [ 15.166666666666659, -12.533333333333328 ] ], [ [ 15.183333333333325, -12.541666666666661 ], [ 15.191666666666659, -12.541666666666661 ], [ 15.191666666666659, -12.55 ], [ 15.183333333333325, -12.55 ], [ 15.183333333333325, -12.541666666666661 ] ], [ [ 15.183333333333325, -12.558333333333326 ], [ 15.191666666666659, -12.558333333333326 ], [ 15.191666666666659, -12.566666666666661 ], [ 15.2, -12.566666666666661 ], [ 15.2, -12.583333333333327 ], [ 15.166666666666659, -12.583333333333327 ], [ 15.166666666666659, -12.566666666666661 ], [ 15.183333333333325, -12.566666666666661 ], [ 15.183333333333325, -12.558333333333326 ] ], [ [ 15.933333333333325, -12.583333333333327 ], [ 15.958333333333325, -12.583333333333327 ], [ 15.958333333333325, -12.675 ], [ 15.95, -12.675 ], [ 15.95, -12.683333333333326 ], [ 15.925, -12.683333333333326 ], [ 15.925, -12.691666666666659 ], [ 15.916666666666659, -12.691666666666659 ], [ 15.916666666666659, -12.683333333333326 ], [ 15.908333333333324, -12.683333333333326 ], [ 15.908333333333324, -12.658333333333328 ], [ 15.9, -12.658333333333328 ], [ 15.9, -12.65 ], [ 15.908333333333324, -12.65 ], [ 15.908333333333324, -12.64166666666666 ], [ 15.916666666666659, -12.64166666666666 ], [ 15.916666666666659, -12.625 ], [ 15.925, -12.625 ], [ 15.925, -12.59166666666666 ], [ 15.933333333333325, -12.59166666666666 ], [ 15.933333333333325, -12.583333333333327 ] ], [ [ 15.225, -12.6 ], [ 15.241666666666658, -12.6 ], [ 15.241666666666658, -12.608333333333327 ], [ 15.25, -12.608333333333327 ], [ 15.25, -12.61666666666666 ], [ 15.266666666666659, -12.61666666666666 ], [ 15.266666666666659, -12.633333333333328 ], [ 15.275, -12.633333333333328 ], [ 15.275, -12.64166666666666 ], [ 15.341666666666658, -12.64166666666666 ], [ 15.341666666666658, -12.65 ], [ 15.35, -12.65 ], [ 15.35, -12.675 ], [ 15.358333333333325, -12.675 ], [ 15.358333333333325, -12.683333333333326 ], [ 15.366666666666658, -12.683333333333326 ], [ 15.366666666666658, -12.7 ], [ 15.358333333333325, -12.7 ], [ 15.358333333333325, -12.708333333333327 ], [ 15.325, -12.708333333333327 ], [ 15.325, -12.71666666666666 ], [ 15.316666666666659, -12.71666666666666 ], [ 15.316666666666659, -12.74166666666666 ], [ 15.308333333333325, -12.74166666666666 ], [ 15.308333333333325, -12.75 ], [ 15.316666666666659, -12.75 ], [ 15.316666666666659, -12.758333333333328 ], [ 15.308333333333325, -12.758333333333328 ], [ 15.308333333333325, -12.76666666666666 ], [ 15.3, -12.76666666666666 ], [ 15.3, -12.791666666666661 ], [ 15.291666666666659, -12.791666666666661 ], [ 15.291666666666659, -12.833333333333327 ], [ 15.275, -12.833333333333327 ], [ 15.275, -12.8 ], [ 15.266666666666659, -12.8 ], [ 15.266666666666659, -12.783333333333326 ], [ 15.258333333333326, -12.783333333333326 ], [ 15.258333333333326, -12.733333333333327 ], [ 15.25, -12.733333333333327 ], [ 15.25, -12.725 ], [ 15.283333333333326, -12.725 ], [ 15.283333333333326, -12.7 ], [ 15.3, -12.7 ], [ 15.3, -12.691666666666659 ], [ 15.308333333333325, -12.691666666666659 ], [ 15.308333333333325, -12.683333333333326 ], [ 15.316666666666659, -12.683333333333326 ], [ 15.316666666666659, -12.675 ], [ 15.308333333333325, -12.675 ], [ 15.308333333333325, -12.666666666666661 ], [ 15.3, -12.666666666666661 ], [ 15.3, -12.658333333333328 ], [ 15.25, -12.658333333333328 ], [ 15.25, -12.666666666666661 ], [ 15.241666666666658, -12.666666666666661 ], [ 15.241666666666658, -12.633333333333328 ], [ 15.233333333333325, -12.633333333333328 ], [ 15.233333333333325, -12.625 ], [ 15.216666666666658, -12.625 ], [ 15.216666666666658, -12.608333333333327 ], [ 15.225, -12.608333333333327 ], [ 15.225, -12.6 ] ], [ [ 15.175, -12.608333333333327 ], [ 15.191666666666659, -12.608333333333327 ], [ 15.191666666666659, -12.61666666666666 ], [ 15.183333333333325, -12.61666666666666 ], [ 15.183333333333325, -12.625 ], [ 15.175, -12.625 ], [ 15.175, -12.65 ], [ 15.183333333333325, -12.65 ], [ 15.183333333333325, -12.658333333333328 ], [ 15.166666666666659, -12.658333333333328 ], [ 15.166666666666659, -12.65 ], [ 15.158333333333326, -12.65 ], [ 15.158333333333326, -12.64166666666666 ], [ 15.166666666666659, -12.64166666666666 ], [ 15.166666666666659, -12.61666666666666 ], [ 15.175, -12.61666666666666 ], [ 15.175, -12.608333333333327 ] ], [ [ 16.191666666666659, -12.608333333333327 ], [ 16.2, -12.608333333333327 ], [ 16.2, -12.61666666666666 ], [ 16.191666666666659, -12.61666666666666 ], [ 16.191666666666659, -12.608333333333327 ] ], [ [ 16.175, -12.61666666666666 ], [ 16.191666666666659, -12.61666666666666 ], [ 16.191666666666659, -12.625 ], [ 16.183333333333326, -12.625 ], [ 16.183333333333326, -12.64166666666666 ], [ 16.175, -12.64166666666666 ], [ 16.175, -12.61666666666666 ] ], [ [ 16.166666666666657, -12.64166666666666 ], [ 16.175, -12.64166666666666 ], [ 16.175, -12.658333333333328 ], [ 16.183333333333326, -12.658333333333328 ], [ 16.183333333333326, -12.675 ], [ 16.158333333333324, -12.675 ], [ 16.158333333333324, -12.65 ], [ 16.166666666666657, -12.65 ], [ 16.166666666666657, -12.64166666666666 ] ], [ [ 15.225, -12.658333333333328 ], [ 15.233333333333325, -12.658333333333328 ], [ 15.233333333333325, -12.666666666666661 ], [ 15.225, -12.666666666666661 ], [ 15.225, -12.658333333333328 ] ], [ [ 15.083333333333325, -12.71666666666666 ], [ 15.09166666666666, -12.71666666666666 ], [ 15.09166666666666, -12.733333333333327 ], [ 15.075, -12.733333333333327 ], [ 15.075, -12.725 ], [ 15.083333333333325, -12.725 ], [ 15.083333333333325, -12.71666666666666 ] ], [ [ 16.191666666666659, -12.733333333333327 ], [ 16.2, -12.733333333333327 ], [ 16.2, -12.74166666666666 ], [ 16.191666666666659, -12.74166666666666 ], [ 16.191666666666659, -12.733333333333327 ] ], [ [ 16.325, -12.733333333333327 ], [ 16.333333333333325, -12.733333333333327 ], [ 16.333333333333325, -12.74166666666666 ], [ 16.325, -12.74166666666666 ], [ 16.325, -12.733333333333327 ] ], [ [ 15.166666666666659, -12.74166666666666 ], [ 15.183333333333325, -12.74166666666666 ], [ 15.183333333333325, -12.75 ], [ 15.175, -12.75 ], [ 15.175, -12.758333333333328 ], [ 15.166666666666659, -12.758333333333328 ], [ 15.166666666666659, -12.74166666666666 ] ], [ [ 15.175, -12.808333333333326 ], [ 15.183333333333325, -12.808333333333326 ], [ 15.183333333333325, -12.833333333333327 ], [ 15.175, -12.833333333333327 ], [ 15.175, -12.808333333333326 ] ], [ [ 16.016666666666659, -12.833333333333327 ], [ 16.033333333333324, -12.833333333333327 ], [ 16.033333333333324, -12.84166666666666 ], [ 16.041666666666657, -12.84166666666666 ], [ 16.041666666666657, -12.833333333333327 ], [ 16.058333333333326, -12.833333333333327 ], [ 16.058333333333326, -12.85 ], [ 16.05, -12.85 ], [ 16.05, -12.858333333333327 ], [ 16.058333333333326, -12.858333333333327 ], [ 16.058333333333326, -12.86666666666666 ], [ 16.016666666666659, -12.86666666666666 ], [ 16.016666666666659, -12.858333333333327 ], [ 16.008333333333326, -12.858333333333327 ], [ 16.008333333333326, -12.84166666666666 ], [ 16.016666666666659, -12.84166666666666 ], [ 16.016666666666659, -12.833333333333327 ] ], [ [ 16.108333333333324, -12.84166666666666 ], [ 16.11666666666666, -12.84166666666666 ], [ 16.11666666666666, -12.858333333333327 ], [ 16.108333333333324, -12.858333333333327 ], [ 16.108333333333324, -12.84166666666666 ] ], [ [ 16.091666666666658, -12.858333333333327 ], [ 16.108333333333324, -12.858333333333327 ], [ 16.108333333333324, -12.86666666666666 ], [ 16.091666666666658, -12.86666666666666 ], [ 16.091666666666658, -12.858333333333327 ] ], [ [ 14.96666666666666, -12.86666666666666 ], [ 14.975, -12.86666666666666 ], [ 14.975, -12.89166666666666 ], [ 14.96666666666666, -12.89166666666666 ], [ 14.96666666666666, -12.86666666666666 ] ], [ [ 14.866666666666658, -12.875 ], [ 14.883333333333326, -12.875 ], [ 14.883333333333326, -12.883333333333326 ], [ 14.875, -12.883333333333326 ], [ 14.875, -12.89166666666666 ], [ 14.866666666666658, -12.89166666666666 ], [ 14.866666666666658, -12.9 ], [ 14.858333333333325, -12.9 ], [ 14.858333333333325, -12.883333333333326 ], [ 14.866666666666658, -12.883333333333326 ], [ 14.866666666666658, -12.875 ] ], [ [ 16.175, -12.925 ], [ 16.183333333333326, -12.925 ], [ 16.183333333333326, -12.933333333333326 ], [ 16.175, -12.933333333333326 ], [ 16.175, -12.925 ] ], [ [ 16.125, -12.941666666666659 ], [ 16.133333333333326, -12.941666666666659 ], [ 16.133333333333326, -12.958333333333327 ], [ 16.141666666666659, -12.958333333333327 ], [ 16.141666666666659, -12.975 ], [ 16.133333333333326, -12.975 ], [ 16.133333333333326, -12.983333333333327 ], [ 16.125, -12.983333333333327 ], [ 16.125, -12.99166666666666 ], [ 16.11666666666666, -12.99166666666666 ], [ 16.11666666666666, -12.958333333333327 ], [ 16.125, -12.958333333333327 ], [ 16.125, -12.941666666666659 ] ], [ [ 16.016666666666659, -13.01666666666666 ], [ 16.066666666666659, -13.01666666666666 ], [ 16.066666666666659, -13.025 ], [ 16.075, -13.025 ], [ 16.075, -13.033333333333326 ], [ 16.05, -13.033333333333326 ], [ 16.05, -13.041666666666661 ], [ 16.033333333333324, -13.041666666666661 ], [ 16.033333333333324, -13.05 ], [ 16.0, -13.05 ], [ 16.0, -13.041666666666661 ], [ 16.008333333333326, -13.041666666666661 ], [ 16.008333333333326, -13.025 ], [ 16.016666666666659, -13.025 ], [ 16.016666666666659, -13.01666666666666 ] ], [ [ 16.141666666666659, -13.01666666666666 ], [ 16.158333333333324, -13.01666666666666 ], [ 16.158333333333324, -13.041666666666661 ], [ 16.125, -13.041666666666661 ], [ 16.125, -13.033333333333326 ], [ 16.133333333333326, -13.033333333333326 ], [ 16.133333333333326, -13.025 ], [ 16.141666666666659, -13.025 ], [ 16.141666666666659, -13.01666666666666 ] ], [ [ 15.016666666666659, -13.025 ], [ 15.025, -13.025 ], [ 15.025, -13.033333333333326 ], [ 15.016666666666659, -13.033333333333326 ], [ 15.016666666666659, -13.025 ] ], [ [ 15.95, -13.025 ], [ 15.958333333333325, -13.025 ], [ 15.958333333333325, -13.058333333333326 ], [ 15.966666666666658, -13.058333333333326 ], [ 15.966666666666658, -13.066666666666659 ], [ 15.983333333333325, -13.066666666666659 ], [ 15.983333333333325, -13.075 ], [ 15.975, -13.075 ], [ 15.975, -13.083333333333327 ], [ 15.916666666666659, -13.083333333333327 ], [ 15.916666666666659, -13.075 ], [ 15.933333333333325, -13.075 ], [ 15.933333333333325, -13.066666666666659 ], [ 15.941666666666659, -13.066666666666659 ], [ 15.941666666666659, -13.05 ], [ 15.95, -13.05 ], [ 15.95, -13.025 ] ], [ [ 15.083333333333325, -13.033333333333326 ], [ 15.09166666666666, -13.033333333333326 ], [ 15.09166666666666, -13.058333333333326 ], [ 15.083333333333325, -13.058333333333326 ], [ 15.083333333333325, -13.075 ], [ 15.075, -13.075 ], [ 15.075, -13.05 ], [ 15.083333333333325, -13.05 ], [ 15.083333333333325, -13.033333333333326 ] ], [ [ 15.291666666666659, -13.041666666666661 ], [ 15.3, -13.041666666666661 ], [ 15.3, -13.066666666666659 ], [ 15.308333333333325, -13.066666666666659 ], [ 15.308333333333325, -13.083333333333327 ], [ 15.325, -13.083333333333327 ], [ 15.325, -13.09166666666666 ], [ 15.3, -13.09166666666666 ], [ 15.3, -13.1 ], [ 15.291666666666659, -13.1 ], [ 15.291666666666659, -13.108333333333327 ], [ 15.283333333333326, -13.108333333333327 ], [ 15.283333333333326, -13.11666666666666 ], [ 15.266666666666659, -13.11666666666666 ], [ 15.266666666666659, -13.133333333333326 ], [ 15.258333333333326, -13.133333333333326 ], [ 15.258333333333326, -13.14166666666666 ], [ 15.241666666666658, -13.14166666666666 ], [ 15.241666666666658, -13.133333333333326 ], [ 15.233333333333325, -13.133333333333326 ], [ 15.233333333333325, -13.125 ], [ 15.225, -13.125 ], [ 15.225, -13.11666666666666 ], [ 15.208333333333325, -13.11666666666666 ], [ 15.208333333333325, -13.09166666666666 ], [ 15.216666666666658, -13.09166666666666 ], [ 15.216666666666658, -13.083333333333327 ], [ 15.241666666666658, -13.083333333333327 ], [ 15.241666666666658, -13.075 ], [ 15.258333333333326, -13.075 ], [ 15.258333333333326, -13.066666666666659 ], [ 15.275, -13.066666666666659 ], [ 15.275, -13.05 ], [ 15.291666666666659, -13.05 ], [ 15.291666666666659, -13.041666666666661 ] ], [ [ 15.025, -13.058333333333326 ], [ 15.033333333333326, -13.058333333333326 ], [ 15.033333333333326, -13.066666666666659 ], [ 15.025, -13.066666666666659 ], [ 15.025, -13.058333333333326 ] ], [ [ 15.991666666666658, -13.058333333333326 ], [ 16.0, -13.058333333333326 ], [ 16.0, -13.066666666666659 ], [ 15.991666666666658, -13.066666666666659 ], [ 15.991666666666658, -13.058333333333326 ] ], [ [ 15.708333333333325, -13.075 ], [ 15.733333333333325, -13.075 ], [ 15.733333333333325, -13.083333333333327 ], [ 15.75, -13.083333333333327 ], [ 15.75, -13.09166666666666 ], [ 15.775, -13.09166666666666 ], [ 15.775, -13.11666666666666 ], [ 15.758333333333326, -13.11666666666666 ], [ 15.758333333333326, -13.125 ], [ 15.75, -13.125 ], [ 15.75, -13.14166666666666 ], [ 15.741666666666658, -13.14166666666666 ], [ 15.741666666666658, -13.133333333333326 ], [ 15.733333333333325, -13.133333333333326 ], [ 15.733333333333325, -13.125 ], [ 15.708333333333325, -13.125 ], [ 15.708333333333325, -13.11666666666666 ], [ 15.7, -13.11666666666666 ], [ 15.7, -13.083333333333327 ], [ 15.708333333333325, -13.083333333333327 ], [ 15.708333333333325, -13.075 ] ], [ [ 15.85, -13.108333333333327 ], [ 15.858333333333325, -13.108333333333327 ], [ 15.858333333333325, -13.11666666666666 ], [ 15.85, -13.11666666666666 ], [ 15.85, -13.108333333333327 ] ], [ [ 15.858333333333325, -13.11666666666666 ], [ 15.866666666666658, -13.11666666666666 ], [ 15.866666666666658, -13.125 ], [ 15.875, -13.125 ], [ 15.875, -13.133333333333326 ], [ 15.883333333333326, -13.133333333333326 ], [ 15.883333333333326, -13.14166666666666 ], [ 15.858333333333325, -13.14166666666666 ], [ 15.858333333333325, -13.11666666666666 ] ], [ [ 15.95, -13.125 ], [ 15.966666666666658, -13.125 ], [ 15.966666666666658, -13.166666666666661 ], [ 15.958333333333325, -13.166666666666661 ], [ 15.958333333333325, -13.183333333333326 ], [ 15.941666666666659, -13.183333333333326 ], [ 15.941666666666659, -13.175 ], [ 15.933333333333325, -13.175 ], [ 15.933333333333325, -13.166666666666661 ], [ 15.916666666666659, -13.166666666666661 ], [ 15.916666666666659, -13.158333333333326 ], [ 15.908333333333324, -13.158333333333326 ], [ 15.908333333333324, -13.15 ], [ 15.916666666666659, -13.15 ], [ 15.916666666666659, -13.14166666666666 ], [ 15.933333333333325, -13.14166666666666 ], [ 15.933333333333325, -13.133333333333326 ], [ 15.95, -13.133333333333326 ], [ 15.95, -13.125 ] ], [ [ 15.108333333333325, -13.14166666666666 ], [ 15.116666666666658, -13.14166666666666 ], [ 15.116666666666658, -13.166666666666661 ], [ 15.108333333333325, -13.166666666666661 ], [ 15.108333333333325, -13.175 ], [ 15.1, -13.175 ], [ 15.1, -13.158333333333326 ], [ 15.108333333333325, -13.158333333333326 ], [ 15.108333333333325, -13.14166666666666 ] ], [ [ 15.9, -13.14166666666666 ], [ 15.908333333333324, -13.14166666666666 ], [ 15.908333333333324, -13.15 ], [ 15.9, -13.15 ], [ 15.9, -13.14166666666666 ] ], [ [ 15.066666666666659, -13.158333333333326 ], [ 15.075, -13.158333333333326 ], [ 15.075, -13.183333333333326 ], [ 15.066666666666659, -13.183333333333326 ], [ 15.066666666666659, -13.2 ], [ 15.05, -13.2 ], [ 15.05, -13.183333333333326 ], [ 15.041666666666659, -13.183333333333326 ], [ 15.041666666666659, -13.175 ], [ 15.05, -13.175 ], [ 15.05, -13.166666666666661 ], [ 15.066666666666659, -13.166666666666661 ], [ 15.066666666666659, -13.158333333333326 ] ], [ [ 15.2, -13.158333333333326 ], [ 15.208333333333325, -13.158333333333326 ], [ 15.208333333333325, -13.166666666666661 ], [ 15.2, -13.166666666666661 ], [ 15.2, -13.158333333333326 ] ], [ [ 15.308333333333325, -13.158333333333326 ], [ 15.358333333333325, -13.158333333333326 ], [ 15.358333333333325, -13.166666666666661 ], [ 15.366666666666658, -13.166666666666661 ], [ 15.366666666666658, -13.175 ], [ 15.358333333333325, -13.175 ], [ 15.358333333333325, -13.24166666666666 ], [ 15.341666666666658, -13.24166666666666 ], [ 15.341666666666658, -13.25 ], [ 15.333333333333325, -13.25 ], [ 15.333333333333325, -13.258333333333326 ], [ 15.325, -13.258333333333326 ], [ 15.325, -13.26666666666666 ], [ 15.316666666666659, -13.26666666666666 ], [ 15.316666666666659, -13.275 ], [ 15.308333333333325, -13.275 ], [ 15.308333333333325, -13.283333333333326 ], [ 15.291666666666659, -13.283333333333326 ], [ 15.291666666666659, -13.275 ], [ 15.283333333333326, -13.275 ], [ 15.283333333333326, -13.25 ], [ 15.291666666666659, -13.25 ], [ 15.291666666666659, -13.24166666666666 ], [ 15.283333333333326, -13.24166666666666 ], [ 15.283333333333326, -13.233333333333327 ], [ 15.275, -13.233333333333327 ], [ 15.275, -13.208333333333327 ], [ 15.266666666666659, -13.208333333333327 ], [ 15.266666666666659, -13.2 ], [ 15.3, -13.2 ], [ 15.3, -13.175 ], [ 15.308333333333325, -13.175 ], [ 15.308333333333325, -13.158333333333326 ] ], [ [ 15.208333333333325, -13.166666666666661 ], [ 15.216666666666658, -13.166666666666661 ], [ 15.216666666666658, -13.175 ], [ 15.208333333333325, -13.175 ], [ 15.208333333333325, -13.166666666666661 ] ], [ [ 15.766666666666659, -13.183333333333326 ], [ 15.775, -13.183333333333326 ], [ 15.775, -13.2 ], [ 15.791666666666659, -13.2 ], [ 15.791666666666659, -13.208333333333327 ], [ 15.758333333333326, -13.208333333333327 ], [ 15.758333333333326, -13.2 ], [ 15.766666666666659, -13.2 ], [ 15.766666666666659, -13.183333333333326 ] ], [ [ 15.908333333333324, -13.208333333333327 ], [ 15.925, -13.208333333333327 ], [ 15.925, -13.24166666666666 ], [ 15.916666666666659, -13.24166666666666 ], [ 15.916666666666659, -13.21666666666666 ], [ 15.908333333333324, -13.21666666666666 ], [ 15.908333333333324, -13.208333333333327 ] ], [ [ 15.85, -13.21666666666666 ], [ 15.858333333333325, -13.21666666666666 ], [ 15.858333333333325, -13.24166666666666 ], [ 15.85, -13.24166666666666 ], [ 15.85, -13.25 ], [ 15.841666666666658, -13.25 ], [ 15.841666666666658, -13.258333333333326 ], [ 15.833333333333325, -13.258333333333326 ], [ 15.833333333333325, -13.24166666666666 ], [ 15.816666666666659, -13.24166666666666 ], [ 15.816666666666659, -13.225 ], [ 15.85, -13.225 ], [ 15.85, -13.21666666666666 ] ], [ [ 15.775, -13.25 ], [ 15.783333333333324, -13.25 ], [ 15.783333333333324, -13.258333333333326 ], [ 15.775, -13.258333333333326 ], [ 15.775, -13.25 ] ], [ [ 15.766666666666659, -13.258333333333326 ], [ 15.775, -13.258333333333326 ], [ 15.775, -13.26666666666666 ], [ 15.766666666666659, -13.26666666666666 ], [ 15.766666666666659, -13.258333333333326 ] ], [ [ 15.758333333333326, -13.26666666666666 ], [ 15.766666666666659, -13.26666666666666 ], [ 15.766666666666659, -13.275 ], [ 15.758333333333326, -13.275 ], [ 15.758333333333326, -13.26666666666666 ] ], [ [ 15.675, -13.475 ], [ 15.683333333333325, -13.475 ], [ 15.683333333333325, -13.483333333333327 ], [ 15.675, -13.483333333333327 ], [ 15.675, -13.475 ] ], [ [ 15.666666666666659, -13.483333333333327 ], [ 15.675, -13.483333333333327 ], [ 15.675, -13.49166666666666 ], [ 15.666666666666659, -13.49166666666666 ], [ 15.666666666666659, -13.483333333333327 ] ], [ [ 15.658333333333324, -13.5 ], [ 15.666666666666659, -13.5 ], [ 15.666666666666659, -13.508333333333326 ], [ 15.658333333333324, -13.508333333333326 ], [ 15.658333333333324, -13.5 ] ] ] } }
]
}
