{
"type": "FeatureCollection",
"name": "moxico_catchment_boundaries",
"crs": { "type": "name", "properties": { "name": "urn:ogc:def:crs:OGC:1.3:CRS84" } },
"features": [
{ "type": "Feature", "properties": { "threshold_min": 30 }, "geometry": { "type": "MultiPolygon", "coordinates": [ [ [ [ 21.5, -14.0 ], [ 21.475, -14.0 ], [ 21.475, -14.016666666666662 ], [ 21.5, -14.016666666666662 ], [ 21.5, -14.008333333333328 ], [ 21.508333333333326, -14.008333333333328 ], [ 21.508333333333326, -14.025 ], [ 21.525, -14.025 ], [ 21.525, -14.016666666666662 ], [ 21.533333333333328, -14.016666666666662 ], [ 21.533333333333328, -14.033333333333328 ], [ 21.516666666666659, -14.033333333333328 ], [ 21.516666666666659, -14.041666666666661 ], [ 21.508333333333326, -14.041666666666661 ], [ 21.508333333333326, -14.066666666666661 ], [ 21.525, -14.066666666666661 ], [ 21.525, -14.075 ], [ 21.533333333333328, -14.075 ], [ 21.533333333333328, -14.066666666666661 ], [ 21.541666666666661, -14.066666666666661 ], [ 21.541666666666661, -14.083333333333329 ], [ 21.533333333333328, -14.083333333333329 ], [ 21.533333333333328, -14.091666666666661 ], [ 21.566666666666659, -14.091666666666661 ], [ 21.566666666666659, -14.108333333333327 ], [ 21.55, -14.108333333333327 ], [ 21.55, -14.1 ], [ 21.533333333333328, -14.1 ], [ 21.533333333333328, -14.108333333333327 ], [ 21.508333333333326, -14.108333333333327 ], [ 21.508333333333326, -14.116666666666662 ], [ 21.483333333333327, -14.116666666666662 ], [ 21.483333333333327, -14.125 ], [ 21.49166666666666, -14.125 ], [ 21.49166666666666, -14.133333333333328 ], [ 21.508333333333326, -14.133333333333328 ], [ 21.508333333333326, -14.141666666666662 ], [ 21.516666666666659, -14.141666666666662 ], [ 21.516666666666659, -14.158333333333328 ], [ 21.525, -14.158333333333328 ], [ 21.525, -14.166666666666661 ], [ 21.533333333333328, -14.166666666666661 ], [ 21.533333333333328, -14.175 ], [ 21.55, -14.175 ], [ 21.55, -14.183333333333328 ], [ 21.525, -14.183333333333328 ], [ 21.525, -14.175 ], [ 21.516666666666659, -14.175 ], [ 21.516666666666659, -14.191666666666661 ], [ 21.508333333333326, -14.191666666666661 ], [ 21.508333333333326, -14.2 ], [ 21.5, -14.2 ], [ 21.5, -14.208333333333329 ], [ 21.49166666666666, -14.208333333333329 ], [ 21.49166666666666, -14.2 ], [ 21.483333333333327, -14.2 ], [ 21.483333333333327, -14.191666666666661 ], [ 21.49166666666666, -14.191666666666661 ], [ 21.49166666666666, -14.183333333333328 ], [ 21.475, -14.183333333333328 ], [ 21.475, -14.175 ], [ 21.466666666666661, -14.175 ], [ 21.466666666666661, -14.2 ], [ 21.458333333333325, -14.2 ], [ 21.458333333333325, -14.208333333333329 ], [ 21.466666666666661, -14.208333333333329 ], [ 21.466666666666661, -14.216666666666661 ], [ 21.408333333333328, -14.216666666666661 ], [ 21.408333333333328, -14.24166666666666 ], [ 21.4, -14.24166666666666 ], [ 21.4, -14.25 ], [ 21.391666666666659, -14.25 ], [ 21.391666666666659, -14.233333333333327 ], [ 21.4, -14.233333333333327 ], [ 21.4, -14.216666666666661 ], [ 21.383333333333326, -14.216666666666661 ], [ 21.383333333333326, -14.233333333333327 ], [ 21.375, -14.233333333333327 ], [ 21.375, -14.275 ], [ 21.383333333333326, -14.275 ], [ 21.383333333333326, -14.283333333333328 ], [ 21.36666666666666, -14.283333333333328 ], [ 21.36666666666666, -14.24166666666666 ], [ 21.358333333333327, -14.24166666666666 ], [ 21.358333333333327, -14.233333333333327 ], [ 21.35, -14.233333333333327 ], [ 21.35, -14.225 ], [ 21.358333333333327, -14.225 ], [ 21.358333333333327, -14.2 ], [ 21.35, -14.2 ], [ 21.35, -14.191666666666661 ], [ 21.341666666666661, -14.191666666666661 ], [ 21.341666666666661, -14.183333333333328 ], [ 21.333333333333325, -14.183333333333328 ], [ 21.333333333333325, -14.191666666666661 ], [ 21.325, -14.191666666666661 ], [ 21.325, -14.183333333333328 ], [ 21.316666666666659, -14.183333333333328 ], [ 21.316666666666659, -14.175 ], [ 21.308333333333326, -14.175 ], [ 21.308333333333326, -14.166666666666661 ], [ 21.333333333333325, -14.166666666666661 ], [ 21.333333333333325, -14.158333333333328 ], [ 21.341666666666661, -14.158333333333328 ], [ 21.341666666666661, -14.15 ], [ 21.35, -14.15 ], [ 21.35, -14.141666666666662 ], [ 21.36666666666666, -14.141666666666662 ], [ 21.36666666666666, -14.133333333333328 ], [ 21.383333333333326, -14.133333333333328 ], [ 21.383333333333326, -14.125 ], [ 21.36666666666666, -14.125 ], [ 21.36666666666666, -14.108333333333327 ], [ 21.358333333333327, -14.108333333333327 ], [ 21.358333333333327, -14.091666666666661 ], [ 21.35, -14.091666666666661 ], [ 21.35, -14.075 ], [ 21.341666666666661, -14.075 ], [ 21.341666666666661, -14.066666666666661 ], [ 21.333333333333325, -14.066666666666661 ], [ 21.333333333333325, -14.058333333333328 ], [ 21.316666666666659, -14.058333333333328 ], [ 21.316666666666659, -14.05 ], [ 21.325, -14.05 ], [ 21.325, -14.033333333333328 ], [ 21.333333333333325, -14.033333333333328 ], [ 21.333333333333325, -14.041666666666661 ], [ 21.341666666666661, -14.041666666666661 ], [ 21.341666666666661, -14.05 ], [ 21.35, -14.05 ], [ 21.35, -14.041666666666661 ], [ 21.358333333333327, -14.041666666666661 ], [ 21.358333333333327, -14.05 ], [ 21.36666666666666, -14.05 ], [ 21.36666666666666, -14.041666666666661 ], [ 21.375, -14.041666666666661 ], [ 21.375, -14.033333333333328 ], [ 21.36666666666666, -14.033333333333328 ], [ 21.36666666666666, -14.008333333333328 ], [ 21.358333333333327, -14.008333333333328 ], [ 21.358333333333327, -13.991666666666662 ], [ 21.35, -13.991666666666662 ], [ 21.35, -13.983333333333327 ], [ 21.36666666666666, -13.983333333333327 ], [ 21.36666666666666, -13.991666666666662 ], [ 21.375, -13.991666666666662 ], [ 21.375, -14.0 ], [ 21.4, -14.0 ], [ 21.4, -14.008333333333328 ], [ 21.391666666666659, -14.008333333333328 ], [ 21.391666666666659, -14.016666666666662 ], [ 21.4, -14.016666666666662 ], [ 21.4, -14.025 ], [ 21.408333333333328, -14.025 ], [ 21.408333333333328, -14.033333333333328 ], [ 21.416666666666661, -14.033333333333328 ], [ 21.416666666666661, -14.05 ], [ 21.425, -14.05 ], [ 21.425, -14.058333333333328 ], [ 21.433333333333326, -14.058333333333328 ], [ 21.433333333333326, -14.041666666666661 ], [ 21.441666666666659, -14.041666666666661 ], [ 21.441666666666659, -14.016666666666662 ], [ 21.45, -14.016666666666662 ], [ 21.45, -14.0 ], [ 21.441666666666659, -14.0 ], [ 21.441666666666659, -14.008333333333328 ], [ 21.433333333333326, -14.008333333333328 ], [ 21.433333333333326, -13.991666666666662 ], [ 21.441666666666659, -13.991666666666662 ], [ 21.441666666666659, -13.983333333333327 ], [ 21.45, -13.983333333333327 ], [ 21.45, -13.975 ], [ 21.458333333333325, -13.975 ], [ 21.458333333333325, -13.95 ], [ 21.45, -13.95 ], [ 21.45, -13.925 ], [ 21.466666666666661, -13.925 ], [ 21.466666666666661, -13.941666666666661 ], [ 21.475, -13.941666666666661 ], [ 21.475, -13.95 ], [ 21.483333333333327, -13.95 ], [ 21.483333333333327, -13.958333333333329 ], [ 21.475, -13.958333333333329 ], [ 21.475, -13.966666666666661 ], [ 21.466666666666661, -13.966666666666661 ], [ 21.466666666666661, -13.975 ], [ 21.49166666666666, -13.975 ], [ 21.49166666666666, -13.983333333333327 ], [ 21.5, -13.983333333333327 ], [ 21.5, -14.0 ] ], [ [ 21.475, -13.983333333333327 ], [ 21.475, -13.991666666666662 ], [ 21.49166666666666, -13.991666666666662 ], [ 21.49166666666666, -13.983333333333327 ], [ 21.475, -13.983333333333327 ] ], [ [ 21.5, -14.075 ], [ 21.483333333333327, -14.075 ], [ 21.483333333333327, -14.083333333333329 ], [ 21.5, -14.083333333333329 ], [ 21.5, -14.075 ] ], [ [ 21.475, -14.083333333333329 ], [ 21.475, -14.091666666666661 ], [ 21.483333333333327, -14.091666666666661 ], [ 21.483333333333327, -14.083333333333329 ], [ 21.475, -14.083333333333329 ] ], [ [ 21.433333333333326, -14.166666666666661 ], [ 21.433333333333326, -14.15 ], [ 21.425, -14.15 ], [ 21.425, -14.166666666666661 ], [ 21.433333333333326, -14.166666666666661 ] ], [ [ 21.45, -14.208333333333329 ], [ 21.45, -14.2 ], [ 21.441666666666659, -14.2 ], [ 21.441666666666659, -14.208333333333329 ], [ 21.45, -14.208333333333329 ] ] ], [ [ [ 20.11666666666666, -11.925 ], [ 20.108333333333327, -11.925 ], [ 20.108333333333327, -11.908333333333328 ], [ 20.11666666666666, -11.908333333333328 ], [ 20.11666666666666, -11.925 ] ] ], [ [ [ 20.016666666666659, -11.8 ], [ 20.016666666666659, -11.791666666666663 ], [ 20.025, -11.791666666666663 ], [ 20.025, -11.783333333333328 ], [ 20.033333333333328, -11.783333333333328 ], [ 20.033333333333328, -11.775 ], [ 20.041666666666661, -11.775 ], [ 20.041666666666661, -11.766666666666662 ], [ 20.033333333333328, -11.766666666666662 ], [ 20.033333333333328, -11.741666666666662 ], [ 20.041666666666661, -11.741666666666662 ], [ 20.041666666666661, -11.733333333333329 ], [ 20.091666666666661, -11.733333333333329 ], [ 20.091666666666661, -11.741666666666662 ], [ 20.083333333333325, -11.741666666666662 ], [ 20.083333333333325, -11.75 ], [ 20.091666666666661, -11.75 ], [ 20.091666666666661, -11.766666666666662 ], [ 20.1, -11.766666666666662 ], [ 20.1, -11.775 ], [ 20.108333333333327, -11.775 ], [ 20.108333333333327, -11.783333333333328 ], [ 20.11666666666666, -11.783333333333328 ], [ 20.11666666666666, -11.775 ], [ 20.133333333333326, -11.775 ], [ 20.133333333333326, -11.783333333333328 ], [ 20.125, -11.783333333333328 ], [ 20.125, -11.8 ], [ 20.141666666666659, -11.8 ], [ 20.141666666666659, -11.808333333333328 ], [ 20.108333333333327, -11.808333333333328 ], [ 20.108333333333327, -11.816666666666663 ], [ 20.1, -11.816666666666663 ], [ 20.1, -11.825 ], [ 20.066666666666659, -11.825 ], [ 20.066666666666659, -11.85 ], [ 20.083333333333325, -11.85 ], [ 20.083333333333325, -11.858333333333329 ], [ 20.141666666666659, -11.858333333333329 ], [ 20.141666666666659, -11.85 ], [ 20.15, -11.85 ], [ 20.15, -11.875 ], [ 20.141666666666659, -11.875 ], [ 20.141666666666659, -11.866666666666662 ], [ 20.133333333333326, -11.866666666666662 ], [ 20.133333333333326, -11.875 ], [ 20.125, -11.875 ], [ 20.125, -11.9 ], [ 20.133333333333326, -11.9 ], [ 20.133333333333326, -11.908333333333328 ], [ 20.141666666666659, -11.908333333333328 ], [ 20.141666666666659, -11.916666666666663 ], [ 20.125, -11.916666666666663 ], [ 20.125, -11.908333333333328 ], [ 20.11666666666666, -11.908333333333328 ], [ 20.11666666666666, -11.9 ], [ 20.1, -11.9 ], [ 20.1, -11.891666666666662 ], [ 20.075, -11.891666666666662 ], [ 20.075, -11.883333333333329 ], [ 20.05, -11.883333333333329 ], [ 20.05, -11.908333333333328 ], [ 20.041666666666661, -11.908333333333328 ], [ 20.041666666666661, -11.891666666666662 ], [ 20.033333333333328, -11.891666666666662 ], [ 20.033333333333328, -11.9 ], [ 20.025, -11.9 ], [ 20.025, -11.908333333333328 ], [ 20.008333333333326, -11.908333333333328 ], [ 20.008333333333326, -11.916666666666663 ], [ 20.0, -11.916666666666663 ], [ 20.0, -11.925 ], [ 20.008333333333326, -11.925 ], [ 20.008333333333326, -11.933333333333328 ], [ 20.016666666666659, -11.933333333333328 ], [ 20.016666666666659, -11.941666666666663 ], [ 20.025, -11.941666666666663 ], [ 20.025, -11.95 ], [ 20.033333333333328, -11.95 ], [ 20.033333333333328, -11.958333333333329 ], [ 20.0, -11.958333333333329 ], [ 20.0, -11.95 ], [ 19.99166666666666, -11.95 ], [ 19.99166666666666, -11.941666666666663 ], [ 19.983333333333327, -11.941666666666663 ], [ 19.983333333333327, -11.933333333333328 ], [ 19.975, -11.933333333333328 ], [ 19.975, -11.958333333333329 ], [ 19.966666666666661, -11.958333333333329 ], [ 19.966666666666661, -11.941666666666663 ], [ 19.95, -11.941666666666663 ], [ 19.95, -11.933333333333328 ], [ 19.941666666666659, -11.933333333333328 ], [ 19.941666666666659, -11.95 ], [ 19.925, -11.95 ], [ 19.925, -11.941666666666663 ], [ 19.933333333333326, -11.941666666666663 ], [ 19.933333333333326, -11.925 ], [ 19.925, -11.925 ], [ 19.925, -11.933333333333328 ], [ 19.916666666666661, -11.933333333333328 ], [ 19.916666666666661, -11.916666666666663 ], [ 19.933333333333326, -11.916666666666663 ], [ 19.933333333333326, -11.9 ], [ 19.941666666666659, -11.9 ], [ 19.941666666666659, -11.883333333333329 ], [ 19.933333333333326, -11.883333333333329 ], [ 19.933333333333326, -11.866666666666662 ], [ 19.925, -11.866666666666662 ], [ 19.925, -11.875 ], [ 19.916666666666661, -11.875 ], [ 19.916666666666661, -11.866666666666662 ], [ 19.908333333333328, -11.866666666666662 ], [ 19.908333333333328, -11.858333333333329 ], [ 19.9, -11.858333333333329 ], [ 19.9, -11.85 ], [ 19.916666666666661, -11.85 ], [ 19.916666666666661, -11.841666666666661 ], [ 19.9, -11.841666666666661 ], [ 19.9, -11.825 ], [ 19.908333333333328, -11.825 ], [ 19.908333333333328, -11.791666666666663 ], [ 19.925, -11.791666666666663 ], [ 19.925, -11.783333333333328 ], [ 19.958333333333325, -11.783333333333328 ], [ 19.958333333333325, -11.791666666666663 ], [ 19.966666666666661, -11.791666666666663 ], [ 19.966666666666661, -11.808333333333328 ], [ 19.99166666666666, -11.808333333333328 ], [ 19.99166666666666, -11.8 ], [ 19.983333333333327, -11.8 ], [ 19.983333333333327, -11.783333333333328 ], [ 19.99166666666666, -11.783333333333328 ], [ 19.99166666666666, -11.791666666666663 ], [ 20.0, -11.791666666666663 ], [ 20.0, -11.8 ], [ 20.016666666666659, -11.8 ] ], [ [ 20.066666666666659, -11.758333333333329 ], [ 20.066666666666659, -11.75 ], [ 20.058333333333326, -11.75 ], [ 20.058333333333326, -11.758333333333329 ], [ 20.066666666666659, -11.758333333333329 ] ], [ [ 19.933333333333326, -11.85 ], [ 19.933333333333326, -11.858333333333329 ], [ 19.941666666666659, -11.858333333333329 ], [ 19.941666666666659, -11.85 ], [ 19.933333333333326, -11.85 ] ], [ [ 19.941666666666659, -11.866666666666662 ], [ 19.958333333333325, -11.866666666666662 ], [ 19.958333333333325, -11.875 ], [ 19.975, -11.875 ], [ 19.975, -11.866666666666662 ], [ 19.983333333333327, -11.866666666666662 ], [ 19.983333333333327, -11.85 ], [ 19.958333333333325, -11.85 ], [ 19.958333333333325, -11.858333333333329 ], [ 19.941666666666659, -11.858333333333329 ], [ 19.941666666666659, -11.866666666666662 ] ] ], [ [ [ 20.0, -11.791666666666663 ], [ 20.0, -11.783333333333328 ], [ 20.008333333333326, -11.783333333333328 ], [ 20.008333333333326, -11.791666666666663 ], [ 20.0, -11.791666666666663 ] ] ], [ [ [ 20.125, -11.45 ], [ 20.125, -11.425 ], [ 20.133333333333326, -11.425 ], [ 20.133333333333326, -11.433333333333328 ], [ 20.141666666666659, -11.433333333333328 ], [ 20.141666666666659, -11.40833333333333 ], [ 20.15, -11.40833333333333 ], [ 20.15, -11.391666666666662 ], [ 20.158333333333328, -11.391666666666662 ], [ 20.158333333333328, -11.383333333333329 ], [ 20.166666666666661, -11.383333333333329 ], [ 20.166666666666661, -11.391666666666662 ], [ 20.175, -11.391666666666662 ], [ 20.175, -11.375 ], [ 20.166666666666661, -11.375 ], [ 20.166666666666661, -11.358333333333329 ], [ 20.175, -11.358333333333329 ], [ 20.175, -11.366666666666662 ], [ 20.183333333333326, -11.366666666666662 ], [ 20.183333333333326, -11.383333333333329 ], [ 20.191666666666659, -11.383333333333329 ], [ 20.191666666666659, -11.375 ], [ 20.2, -11.375 ], [ 20.2, -11.391666666666662 ], [ 20.191666666666659, -11.391666666666662 ], [ 20.191666666666659, -11.4 ], [ 20.183333333333326, -11.4 ], [ 20.183333333333326, -11.40833333333333 ], [ 20.2, -11.40833333333333 ], [ 20.2, -11.416666666666663 ], [ 20.225, -11.416666666666663 ], [ 20.225, -11.40833333333333 ], [ 20.233333333333327, -11.40833333333333 ], [ 20.233333333333327, -11.425 ], [ 20.216666666666661, -11.425 ], [ 20.216666666666661, -11.441666666666663 ], [ 20.225, -11.441666666666663 ], [ 20.225, -11.45 ], [ 20.24166666666666, -11.45 ], [ 20.24166666666666, -11.441666666666663 ], [ 20.25, -11.441666666666663 ], [ 20.25, -11.433333333333328 ], [ 20.258333333333326, -11.433333333333328 ], [ 20.258333333333326, -11.425 ], [ 20.266666666666659, -11.425 ], [ 20.266666666666659, -11.441666666666663 ], [ 20.258333333333326, -11.441666666666663 ], [ 20.258333333333326, -11.45 ], [ 20.266666666666659, -11.45 ], [ 20.266666666666659, -11.458333333333329 ], [ 20.283333333333328, -11.458333333333329 ], [ 20.283333333333328, -11.466666666666661 ], [ 20.291666666666661, -11.466666666666661 ], [ 20.291666666666661, -11.475 ], [ 20.316666666666659, -11.475 ], [ 20.316666666666659, -11.483333333333329 ], [ 20.291666666666661, -11.483333333333329 ], [ 20.291666666666661, -11.491666666666662 ], [ 20.316666666666659, -11.491666666666662 ], [ 20.316666666666659, -11.5 ], [ 20.325, -11.5 ], [ 20.325, -11.491666666666662 ], [ 20.333333333333325, -11.491666666666662 ], [ 20.333333333333325, -11.5 ], [ 20.341666666666661, -11.5 ], [ 20.341666666666661, -11.508333333333329 ], [ 20.316666666666659, -11.508333333333329 ], [ 20.316666666666659, -11.53333333333333 ], [ 20.325, -11.53333333333333 ], [ 20.325, -11.541666666666663 ], [ 20.358333333333327, -11.541666666666663 ], [ 20.358333333333327, -11.566666666666663 ], [ 20.35, -11.566666666666663 ], [ 20.35, -11.558333333333328 ], [ 20.325, -11.558333333333328 ], [ 20.325, -11.566666666666663 ], [ 20.291666666666661, -11.566666666666663 ], [ 20.291666666666661, -11.575 ], [ 20.3, -11.575 ], [ 20.3, -11.583333333333329 ], [ 20.291666666666661, -11.583333333333329 ], [ 20.291666666666661, -11.591666666666661 ], [ 20.283333333333328, -11.591666666666661 ], [ 20.283333333333328, -11.608333333333329 ], [ 20.291666666666661, -11.608333333333329 ], [ 20.291666666666661, -11.616666666666662 ], [ 20.283333333333328, -11.616666666666662 ], [ 20.283333333333328, -11.625 ], [ 20.275, -11.625 ], [ 20.275, -11.6 ], [ 20.266666666666659, -11.6 ], [ 20.266666666666659, -11.591666666666661 ], [ 20.258333333333326, -11.591666666666661 ], [ 20.258333333333326, -11.583333333333329 ], [ 20.24166666666666, -11.583333333333329 ], [ 20.24166666666666, -11.591666666666661 ], [ 20.233333333333327, -11.591666666666661 ], [ 20.233333333333327, -11.608333333333329 ], [ 20.225, -11.608333333333329 ], [ 20.225, -11.583333333333329 ], [ 20.233333333333327, -11.583333333333329 ], [ 20.233333333333327, -11.566666666666663 ], [ 20.225, -11.566666666666663 ], [ 20.225, -11.575 ], [ 20.216666666666661, -11.575 ], [ 20.216666666666661, -11.583333333333329 ], [ 20.191666666666659, -11.583333333333329 ], [ 20.191666666666659, -11.591666666666661 ], [ 20.166666666666661, -11.591666666666661 ], [ 20.166666666666661, -11.6 ], [ 20.15, -11.6 ], [ 20.15, -11.583333333333329 ], [ 20.125, -11.583333333333329 ], [ 20.125, -11.591666666666661 ], [ 20.11666666666666, -11.591666666666661 ], [ 20.11666666666666, -11.575 ], [ 20.125, -11.575 ], [ 20.125, -11.566666666666663 ], [ 20.11666666666666, -11.566666666666663 ], [ 20.11666666666666, -11.558333333333328 ], [ 20.191666666666659, -11.558333333333328 ], [ 20.191666666666659, -11.55 ], [ 20.2, -11.55 ], [ 20.2, -11.541666666666663 ], [ 20.208333333333325, -11.541666666666663 ], [ 20.208333333333325, -11.525 ], [ 20.183333333333326, -11.525 ], [ 20.183333333333326, -11.516666666666662 ], [ 20.15, -11.516666666666662 ], [ 20.15, -11.5 ], [ 20.141666666666659, -11.5 ], [ 20.141666666666659, -11.491666666666662 ], [ 20.1, -11.491666666666662 ], [ 20.1, -11.475 ], [ 20.11666666666666, -11.475 ], [ 20.11666666666666, -11.466666666666661 ], [ 20.108333333333327, -11.466666666666661 ], [ 20.108333333333327, -11.45 ], [ 20.125, -11.45 ] ], [ [ 20.125, -11.466666666666661 ], [ 20.125, -11.458333333333329 ], [ 20.11666666666666, -11.458333333333329 ], [ 20.11666666666666, -11.466666666666661 ], [ 20.125, -11.466666666666661 ] ], [ [ 20.166666666666661, -11.40833333333333 ], [ 20.158333333333328, -11.40833333333333 ], [ 20.158333333333328, -11.425 ], [ 20.166666666666661, -11.425 ], [ 20.166666666666661, -11.40833333333333 ] ], [ [ 20.133333333333326, -11.475 ], [ 20.141666666666659, -11.475 ], [ 20.141666666666659, -11.483333333333329 ], [ 20.166666666666661, -11.483333333333329 ], [ 20.166666666666661, -11.491666666666662 ], [ 20.175, -11.491666666666662 ], [ 20.175, -11.466666666666661 ], [ 20.166666666666661, -11.466666666666661 ], [ 20.166666666666661, -11.458333333333329 ], [ 20.141666666666659, -11.458333333333329 ], [ 20.141666666666659, -11.466666666666661 ], [ 20.133333333333326, -11.466666666666661 ], [ 20.133333333333326, -11.475 ] ], [ [ 20.216666666666661, -11.458333333333329 ], [ 20.208333333333325, -11.458333333333329 ], [ 20.208333333333325, -11.466666666666661 ], [ 20.216666666666661, -11.466666666666661 ], [ 20.216666666666661, -11.458333333333329 ] ], [ [ 20.24166666666666, -11.475 ], [ 20.225, -11.475 ], [ 20.225, -11.483333333333329 ], [ 20.24166666666666, -11.483333333333329 ], [ 20.24166666666666, -11.475 ] ] ] ] } },
{ "type": "Feature", "properties": { "threshold_min": 60 }, "geometry": { "type": "MultiPolygon", "coordinates": [ [ [ [ 21.325, -14.225 ], [ 21.325, -14.25 ], [ 21.316666666666659, -14.25 ], [ 21.316666666666659, -14.266666666666662 ], [ 21.308333333333326, -14.266666666666662 ], [ 21.308333333333326, -14.275 ], [ 21.3, -14.275 ], [ 21.3, -14.258333333333328 ], [ 21.308333333333326, -14.258333333333328 ], [ 21.308333333333326, -14.25 ], [ 21.3, -14.25 ], [ 21.3, -14.191666666666661 ], [ 21.275, -14.191666666666661 ], [ 21.275, -14.183333333333328 ], [ 21.266666666666659, -14.183333333333328 ], [ 21.266666666666659, -14.175 ], [ 21.208333333333325, -14.175 ], [ 21.208333333333325, -14.166666666666661 ], [ 21.175, -14.166666666666661 ], [ 21.175, -14.158333333333328 ], [ 21.208333333333325, -14.158333333333328 ], [ 21.208333333333325, -14.15 ], [ 21.275, -14.15 ], [ 21.275, -14.141666666666662 ], [ 21.333333333333325, -14.141666666666662 ], [ 21.333333333333325, -14.133333333333328 ], [ 21.35, -14.133333333333328 ], [ 21.35, -14.108333333333327 ], [ 21.341666666666661, -14.108333333333327 ], [ 21.341666666666661, -14.091666666666661 ], [ 21.325, -14.091666666666661 ], [ 21.325, -14.083333333333329 ], [ 21.316666666666659, -14.083333333333329 ], [ 21.316666666666659, -14.075 ], [ 21.3, -14.075 ], [ 21.3, -14.066666666666661 ], [ 21.291666666666661, -14.066666666666661 ], [ 21.291666666666661, -14.058333333333328 ], [ 21.283333333333328, -14.058333333333328 ], [ 21.283333333333328, -14.05 ], [ 21.24166666666666, -14.05 ], [ 21.24166666666666, -14.041666666666661 ], [ 21.225, -14.041666666666661 ], [ 21.225, -14.033333333333328 ], [ 21.191666666666659, -14.033333333333328 ], [ 21.191666666666659, -14.016666666666662 ], [ 21.225, -14.016666666666662 ], [ 21.225, -14.008333333333328 ], [ 21.266666666666659, -14.008333333333328 ], [ 21.266666666666659, -13.991666666666662 ], [ 21.291666666666661, -13.991666666666662 ], [ 21.291666666666661, -14.0 ], [ 21.316666666666659, -14.0 ], [ 21.316666666666659, -13.958333333333329 ], [ 21.308333333333326, -13.958333333333329 ], [ 21.308333333333326, -13.941666666666661 ], [ 21.3, -13.941666666666661 ], [ 21.3, -13.925 ], [ 21.291666666666661, -13.925 ], [ 21.291666666666661, -13.908333333333328 ], [ 21.283333333333328, -13.908333333333328 ], [ 21.283333333333328, -13.9 ], [ 21.275, -13.9 ], [ 21.275, -13.883333333333328 ], [ 21.266666666666659, -13.883333333333328 ], [ 21.266666666666659, -13.891666666666662 ], [ 21.258333333333326, -13.891666666666662 ], [ 21.258333333333326, -13.866666666666662 ], [ 21.283333333333328, -13.866666666666662 ], [ 21.283333333333328, -13.883333333333328 ], [ 21.3, -13.883333333333328 ], [ 21.3, -13.875 ], [ 21.308333333333326, -13.875 ], [ 21.308333333333326, -13.866666666666662 ], [ 21.333333333333325, -13.866666666666662 ], [ 21.333333333333325, -13.875 ], [ 21.316666666666659, -13.875 ], [ 21.316666666666659, -13.883333333333328 ], [ 21.308333333333326, -13.883333333333328 ], [ 21.308333333333326, -13.891666666666662 ], [ 21.316666666666659, -13.891666666666662 ], [ 21.316666666666659, -13.9 ], [ 21.325, -13.9 ], [ 21.325, -13.916666666666661 ], [ 21.333333333333325, -13.916666666666661 ], [ 21.333333333333325, -13.933333333333328 ], [ 21.341666666666661, -13.933333333333328 ], [ 21.341666666666661, -13.925 ], [ 21.35, -13.925 ], [ 21.35, -13.908333333333328 ], [ 21.358333333333327, -13.908333333333328 ], [ 21.358333333333327, -13.9 ], [ 21.36666666666666, -13.9 ], [ 21.36666666666666, -13.883333333333328 ], [ 21.358333333333327, -13.883333333333328 ], [ 21.358333333333327, -13.866666666666662 ], [ 21.36666666666666, -13.866666666666662 ], [ 21.36666666666666, -13.875 ], [ 21.375, -13.875 ], [ 21.375, -13.866666666666662 ], [ 21.383333333333326, -13.866666666666662 ], [ 21.383333333333326, -13.883333333333328 ], [ 21.375, -13.883333333333328 ], [ 21.375, -13.9 ], [ 21.383333333333326, -13.9 ], [ 21.383333333333326, -13.933333333333328 ], [ 21.375, -13.933333333333328 ], [ 21.375, -13.95 ], [ 21.36666666666666, -13.95 ], [ 21.36666666666666, -13.958333333333329 ], [ 21.375, -13.958333333333329 ], [ 21.375, -13.966666666666661 ], [ 21.383333333333326, -13.966666666666661 ], [ 21.383333333333326, -13.975 ], [ 21.391666666666659, -13.975 ], [ 21.391666666666659, -13.983333333333327 ], [ 21.416666666666661, -13.983333333333327 ], [ 21.416666666666661, -13.975 ], [ 21.425, -13.975 ], [ 21.425, -13.966666666666661 ], [ 21.433333333333326, -13.966666666666661 ], [ 21.433333333333326, -13.866666666666662 ], [ 21.441666666666659, -13.866666666666662 ], [ 21.441666666666659, -13.833333333333329 ], [ 21.416666666666661, -13.833333333333329 ], [ 21.416666666666661, -13.841666666666661 ], [ 21.408333333333328, -13.841666666666661 ], [ 21.408333333333328, -13.808333333333328 ], [ 21.4, -13.808333333333328 ], [ 21.4, -13.8 ], [ 21.416666666666661, -13.8 ], [ 21.416666666666661, -13.808333333333328 ], [ 21.425, -13.808333333333328 ], [ 21.425, -13.816666666666661 ], [ 21.433333333333326, -13.816666666666661 ], [ 21.433333333333326, -13.808333333333328 ], [ 21.441666666666659, -13.808333333333328 ], [ 21.441666666666659, -13.8 ], [ 21.45, -13.8 ], [ 21.45, -13.775 ], [ 21.458333333333325, -13.775 ], [ 21.458333333333325, -13.75 ], [ 21.45, -13.75 ], [ 21.45, -13.725 ], [ 21.458333333333325, -13.725 ], [ 21.458333333333325, -13.741666666666662 ], [ 21.466666666666661, -13.741666666666662 ], [ 21.466666666666661, -13.766666666666662 ], [ 21.483333333333327, -13.766666666666662 ], [ 21.483333333333327, -13.775 ], [ 21.475, -13.775 ], [ 21.475, -13.791666666666661 ], [ 21.49166666666666, -13.791666666666661 ], [ 21.49166666666666, -13.8 ], [ 21.5, -13.8 ], [ 21.5, -13.791666666666661 ], [ 21.508333333333326, -13.791666666666661 ], [ 21.508333333333326, -13.808333333333328 ], [ 21.516666666666659, -13.808333333333328 ], [ 21.516666666666659, -13.816666666666661 ], [ 21.508333333333326, -13.816666666666661 ], [ 21.508333333333326, -13.825 ], [ 21.516666666666659, -13.825 ], [ 21.516666666666659, -13.833333333333329 ], [ 21.5, -13.833333333333329 ], [ 21.5, -13.825 ], [ 21.483333333333327, -13.825 ], [ 21.483333333333327, -13.833333333333329 ], [ 21.475, -13.833333333333329 ], [ 21.475, -13.85 ], [ 21.466666666666661, -13.85 ], [ 21.466666666666661, -13.866666666666662 ], [ 21.475, -13.866666666666662 ], [ 21.475, -13.9 ], [ 21.483333333333327, -13.9 ], [ 21.483333333333327, -13.925 ], [ 21.508333333333326, -13.925 ], [ 21.508333333333326, -13.916666666666661 ], [ 21.525, -13.916666666666661 ], [ 21.525, -13.908333333333328 ], [ 21.533333333333328, -13.908333333333328 ], [ 21.533333333333328, -13.916666666666661 ], [ 21.541666666666661, -13.916666666666661 ], [ 21.541666666666661, -13.908333333333328 ], [ 21.558333333333326, -13.908333333333328 ], [ 21.558333333333326, -13.925 ], [ 21.55, -13.925 ], [ 21.55, -13.958333333333329 ], [ 21.558333333333326, -13.958333333333329 ], [ 21.558333333333326, -13.966666666666661 ], [ 21.583333333333325, -13.966666666666661 ], [ 21.583333333333325, -13.975 ], [ 21.558333333333326, -13.975 ], [ 21.558333333333326, -13.983333333333327 ], [ 21.55, -13.983333333333327 ], [ 21.55, -13.991666666666662 ], [ 21.608333333333327, -13.991666666666662 ], [ 21.608333333333327, -14.0 ], [ 21.633333333333326, -14.0 ], [ 21.633333333333326, -14.008333333333328 ], [ 21.608333333333327, -14.008333333333328 ], [ 21.608333333333327, -14.016666666666662 ], [ 21.591666666666661, -14.016666666666662 ], [ 21.591666666666661, -14.025 ], [ 21.575, -14.025 ], [ 21.575, -14.033333333333328 ], [ 21.566666666666659, -14.033333333333328 ], [ 21.566666666666659, -14.041666666666661 ], [ 21.55, -14.041666666666661 ], [ 21.55, -14.05 ], [ 21.566666666666659, -14.05 ], [ 21.566666666666659, -14.058333333333328 ], [ 21.591666666666661, -14.058333333333328 ], [ 21.591666666666661, -14.05 ], [ 21.608333333333327, -14.05 ], [ 21.608333333333327, -14.041666666666661 ], [ 21.61666666666666, -14.041666666666661 ], [ 21.61666666666666, -14.033333333333328 ], [ 21.633333333333326, -14.033333333333328 ], [ 21.633333333333326, -14.041666666666661 ], [ 21.625, -14.041666666666661 ], [ 21.625, -14.066666666666661 ], [ 21.61666666666666, -14.066666666666661 ], [ 21.61666666666666, -14.075 ], [ 21.625, -14.075 ], [ 21.625, -14.1 ], [ 21.608333333333327, -14.1 ], [ 21.608333333333327, -14.125 ], [ 21.61666666666666, -14.125 ], [ 21.61666666666666, -14.133333333333328 ], [ 21.65, -14.133333333333328 ], [ 21.65, -14.141666666666662 ], [ 21.666666666666661, -14.141666666666662 ], [ 21.666666666666661, -14.15 ], [ 21.675, -14.15 ], [ 21.675, -14.175 ], [ 21.683333333333326, -14.175 ], [ 21.683333333333326, -14.183333333333328 ], [ 21.65, -14.183333333333328 ], [ 21.65, -14.191666666666661 ], [ 21.583333333333325, -14.191666666666661 ], [ 21.583333333333325, -14.2 ], [ 21.591666666666661, -14.2 ], [ 21.591666666666661, -14.216666666666661 ], [ 21.575, -14.216666666666661 ], [ 21.575, -14.225 ], [ 21.558333333333326, -14.225 ], [ 21.558333333333326, -14.233333333333327 ], [ 21.5, -14.233333333333327 ], [ 21.5, -14.24166666666666 ], [ 21.458333333333325, -14.24166666666666 ], [ 21.458333333333325, -14.233333333333327 ], [ 21.441666666666659, -14.233333333333327 ], [ 21.441666666666659, -14.24166666666666 ], [ 21.433333333333326, -14.24166666666666 ], [ 21.433333333333326, -14.233333333333327 ], [ 21.425, -14.233333333333327 ], [ 21.425, -14.258333333333328 ], [ 21.416666666666661, -14.258333333333328 ], [ 21.416666666666661, -14.275 ], [ 21.408333333333328, -14.275 ], [ 21.408333333333328, -14.316666666666661 ], [ 21.4, -14.316666666666661 ], [ 21.4, -14.333333333333329 ], [ 21.408333333333328, -14.333333333333329 ], [ 21.408333333333328, -14.35 ], [ 21.425, -14.35 ], [ 21.425, -14.358333333333327 ], [ 21.433333333333326, -14.358333333333327 ], [ 21.433333333333326, -14.375 ], [ 21.425, -14.375 ], [ 21.425, -14.383333333333328 ], [ 21.416666666666661, -14.383333333333328 ], [ 21.416666666666661, -14.4 ], [ 21.425, -14.4 ], [ 21.425, -14.466666666666661 ], [ 21.416666666666661, -14.466666666666661 ], [ 21.416666666666661, -14.441666666666661 ], [ 21.408333333333328, -14.441666666666661 ], [ 21.408333333333328, -14.416666666666661 ], [ 21.4, -14.416666666666661 ], [ 21.4, -14.408333333333328 ], [ 21.391666666666659, -14.408333333333328 ], [ 21.391666666666659, -14.39166666666666 ], [ 21.383333333333326, -14.39166666666666 ], [ 21.383333333333326, -14.36666666666666 ], [ 21.341666666666661, -14.36666666666666 ], [ 21.341666666666661, -14.35 ], [ 21.333333333333325, -14.35 ], [ 21.333333333333325, -14.325 ], [ 21.358333333333327, -14.325 ], [ 21.358333333333327, -14.3 ], [ 21.35, -14.3 ], [ 21.35, -14.258333333333328 ], [ 21.341666666666661, -14.258333333333328 ], [ 21.341666666666661, -14.24166666666666 ], [ 21.333333333333325, -14.24166666666666 ], [ 21.333333333333325, -14.225 ], [ 21.325, -14.225 ] ], [ [ 21.575, -14.2 ], [ 21.575, -14.208333333333329 ], [ 21.583333333333325, -14.208333333333329 ], [ 21.583333333333325, -14.2 ], [ 21.575, -14.2 ] ], [ [ 21.341666666666661, -14.225 ], [ 21.341666666666661, -14.216666666666661 ], [ 21.333333333333325, -14.216666666666661 ], [ 21.333333333333325, -14.225 ], [ 21.341666666666661, -14.225 ] ], [ [ 21.583333333333325, -14.141666666666662 ], [ 21.558333333333326, -14.141666666666662 ], [ 21.558333333333326, -14.133333333333328 ], [ 21.55, -14.133333333333328 ], [ 21.55, -14.125 ], [ 21.525, -14.125 ], [ 21.525, -14.141666666666662 ], [ 21.541666666666661, -14.141666666666662 ], [ 21.541666666666661, -14.15 ], [ 21.583333333333325, -14.15 ], [ 21.583333333333325, -14.141666666666662 ] ], [ [ 21.583333333333325, -14.158333333333328 ], [ 21.591666666666661, -14.158333333333328 ], [ 21.591666666666661, -14.15 ], [ 21.583333333333325, -14.15 ], [ 21.583333333333325, -14.158333333333328 ] ], [ [ 21.65, -14.158333333333328 ], [ 21.625, -14.158333333333328 ], [ 21.625, -14.166666666666661 ], [ 21.65, -14.166666666666661 ], [ 21.65, -14.175 ], [ 21.666666666666661, -14.175 ], [ 21.666666666666661, -14.158333333333328 ], [ 21.658333333333328, -14.158333333333328 ], [ 21.658333333333328, -14.15 ], [ 21.65, -14.15 ], [ 21.65, -14.158333333333328 ] ] ], [ [ [ 20.15, -11.225 ], [ 20.141666666666659, -11.225 ], [ 20.141666666666659, -11.216666666666663 ], [ 20.15, -11.216666666666663 ], [ 20.15, -11.208333333333329 ], [ 20.208333333333325, -11.208333333333329 ], [ 20.208333333333325, -11.233333333333329 ], [ 20.233333333333327, -11.233333333333329 ], [ 20.233333333333327, -11.241666666666662 ], [ 20.24166666666666, -11.241666666666662 ], [ 20.24166666666666, -11.25 ], [ 20.258333333333326, -11.25 ], [ 20.258333333333326, -11.241666666666662 ], [ 20.266666666666659, -11.241666666666662 ], [ 20.266666666666659, -11.275 ], [ 20.258333333333326, -11.275 ], [ 20.258333333333326, -11.291666666666663 ], [ 20.25, -11.291666666666663 ], [ 20.25, -11.3 ], [ 20.258333333333326, -11.3 ], [ 20.258333333333326, -11.308333333333328 ], [ 20.266666666666659, -11.308333333333328 ], [ 20.266666666666659, -11.3 ], [ 20.283333333333328, -11.3 ], [ 20.283333333333328, -11.308333333333328 ], [ 20.3, -11.308333333333328 ], [ 20.3, -11.316666666666663 ], [ 20.266666666666659, -11.316666666666663 ], [ 20.266666666666659, -11.325 ], [ 20.275, -11.325 ], [ 20.275, -11.333333333333329 ], [ 20.283333333333328, -11.333333333333329 ], [ 20.283333333333328, -11.358333333333329 ], [ 20.275, -11.358333333333329 ], [ 20.275, -11.366666666666662 ], [ 20.266666666666659, -11.366666666666662 ], [ 20.266666666666659, -11.383333333333329 ], [ 20.283333333333328, -11.383333333333329 ], [ 20.283333333333328, -11.375 ], [ 20.291666666666661, -11.375 ], [ 20.291666666666661, -11.366666666666662 ], [ 20.3, -11.366666666666662 ], [ 20.3, -11.358333333333329 ], [ 20.308333333333326, -11.358333333333329 ], [ 20.308333333333326, -11.35 ], [ 20.3, -11.35 ], [ 20.3, -11.333333333333329 ], [ 20.308333333333326, -11.333333333333329 ], [ 20.308333333333326, -11.325 ], [ 20.316666666666659, -11.325 ], [ 20.316666666666659, -11.333333333333329 ], [ 20.341666666666661, -11.333333333333329 ], [ 20.341666666666661, -11.325 ], [ 20.35, -11.325 ], [ 20.35, -11.316666666666663 ], [ 20.358333333333327, -11.316666666666663 ], [ 20.358333333333327, -11.308333333333328 ], [ 20.36666666666666, -11.308333333333328 ], [ 20.36666666666666, -11.325 ], [ 20.358333333333327, -11.325 ], [ 20.358333333333327, -11.333333333333329 ], [ 20.35, -11.333333333333329 ], [ 20.35, -11.375 ], [ 20.358333333333327, -11.375 ], [ 20.358333333333327, -11.383333333333329 ], [ 20.391666666666659, -11.383333333333329 ], [ 20.391666666666659, -11.391666666666662 ], [ 20.35, -11.391666666666662 ], [ 20.35, -11.416666666666663 ], [ 20.308333333333326, -11.416666666666663 ], [ 20.308333333333326, -11.425 ], [ 20.3, -11.425 ], [ 20.3, -11.433333333333328 ], [ 20.291666666666661, -11.433333333333328 ], [ 20.291666666666661, -11.441666666666663 ], [ 20.3, -11.441666666666663 ], [ 20.3, -11.45 ], [ 20.308333333333326, -11.45 ], [ 20.308333333333326, -11.458333333333329 ], [ 20.458333333333325, -11.458333333333329 ], [ 20.458333333333325, -11.466666666666661 ], [ 20.466666666666661, -11.466666666666661 ], [ 20.466666666666661, -11.475 ], [ 20.45, -11.475 ], [ 20.45, -11.466666666666661 ], [ 20.441666666666659, -11.466666666666661 ], [ 20.441666666666659, -11.475 ], [ 20.433333333333326, -11.475 ], [ 20.433333333333326, -11.483333333333329 ], [ 20.383333333333326, -11.483333333333329 ], [ 20.383333333333326, -11.491666666666662 ], [ 20.36666666666666, -11.491666666666662 ], [ 20.36666666666666, -11.5 ], [ 20.358333333333327, -11.5 ], [ 20.358333333333327, -11.516666666666662 ], [ 20.35, -11.516666666666662 ], [ 20.35, -11.525 ], [ 20.425, -11.525 ], [ 20.425, -11.53333333333333 ], [ 20.45, -11.53333333333333 ], [ 20.45, -11.541666666666663 ], [ 20.466666666666661, -11.541666666666663 ], [ 20.466666666666661, -11.516666666666662 ], [ 20.475, -11.516666666666662 ], [ 20.475, -11.525 ], [ 20.483333333333327, -11.525 ], [ 20.483333333333327, -11.53333333333333 ], [ 20.49166666666666, -11.53333333333333 ], [ 20.49166666666666, -11.558333333333328 ], [ 20.483333333333327, -11.558333333333328 ], [ 20.483333333333327, -11.55 ], [ 20.475, -11.55 ], [ 20.475, -11.575 ], [ 20.466666666666661, -11.575 ], [ 20.466666666666661, -11.558333333333328 ], [ 20.458333333333325, -11.558333333333328 ], [ 20.458333333333325, -11.575 ], [ 20.45, -11.575 ], [ 20.45, -11.608333333333329 ], [ 20.441666666666659, -11.608333333333329 ], [ 20.441666666666659, -11.633333333333329 ], [ 20.45, -11.633333333333329 ], [ 20.45, -11.625 ], [ 20.466666666666661, -11.625 ], [ 20.466666666666661, -11.65 ], [ 20.458333333333325, -11.65 ], [ 20.458333333333325, -11.65833333333333 ], [ 20.441666666666659, -11.65833333333333 ], [ 20.441666666666659, -11.666666666666663 ], [ 20.433333333333326, -11.666666666666663 ], [ 20.433333333333326, -11.65833333333333 ], [ 20.425, -11.65833333333333 ], [ 20.425, -11.65 ], [ 20.375, -11.65 ], [ 20.375, -11.666666666666663 ], [ 20.383333333333326, -11.666666666666663 ], [ 20.383333333333326, -11.65833333333333 ], [ 20.391666666666659, -11.65833333333333 ], [ 20.391666666666659, -11.683333333333328 ], [ 20.358333333333327, -11.683333333333328 ], [ 20.358333333333327, -11.675 ], [ 20.341666666666661, -11.675 ], [ 20.341666666666661, -11.683333333333328 ], [ 20.333333333333325, -11.683333333333328 ], [ 20.333333333333325, -11.691666666666663 ], [ 20.325, -11.691666666666663 ], [ 20.325, -11.7 ], [ 20.3, -11.7 ], [ 20.3, -11.708333333333329 ], [ 20.316666666666659, -11.708333333333329 ], [ 20.316666666666659, -11.733333333333329 ], [ 20.291666666666661, -11.733333333333329 ], [ 20.291666666666661, -11.725 ], [ 20.3, -11.725 ], [ 20.3, -11.716666666666661 ], [ 20.266666666666659, -11.716666666666661 ], [ 20.266666666666659, -11.733333333333329 ], [ 20.275, -11.733333333333329 ], [ 20.275, -11.741666666666662 ], [ 20.25, -11.741666666666662 ], [ 20.25, -11.733333333333329 ], [ 20.258333333333326, -11.733333333333329 ], [ 20.258333333333326, -11.716666666666661 ], [ 20.25, -11.716666666666661 ], [ 20.25, -11.7 ], [ 20.233333333333327, -11.7 ], [ 20.233333333333327, -11.733333333333329 ], [ 20.24166666666666, -11.733333333333329 ], [ 20.24166666666666, -11.75 ], [ 20.233333333333327, -11.75 ], [ 20.233333333333327, -11.775 ], [ 20.24166666666666, -11.775 ], [ 20.24166666666666, -11.8 ], [ 20.25, -11.8 ], [ 20.25, -11.808333333333328 ], [ 20.233333333333327, -11.808333333333328 ], [ 20.233333333333327, -11.791666666666663 ], [ 20.225, -11.791666666666663 ], [ 20.225, -11.8 ], [ 20.2, -11.8 ], [ 20.2, -11.808333333333328 ], [ 20.208333333333325, -11.808333333333328 ], [ 20.208333333333325, -11.841666666666661 ], [ 20.183333333333326, -11.841666666666661 ], [ 20.183333333333326, -11.858333333333329 ], [ 20.191666666666659, -11.858333333333329 ], [ 20.191666666666659, -11.875 ], [ 20.208333333333325, -11.875 ], [ 20.208333333333325, -11.883333333333329 ], [ 20.225, -11.883333333333329 ], [ 20.225, -11.891666666666662 ], [ 20.266666666666659, -11.891666666666662 ], [ 20.266666666666659, -11.9 ], [ 20.25, -11.9 ], [ 20.25, -11.908333333333328 ], [ 20.24166666666666, -11.908333333333328 ], [ 20.24166666666666, -11.916666666666663 ], [ 20.2, -11.916666666666663 ], [ 20.2, -11.908333333333328 ], [ 20.175, -11.908333333333328 ], [ 20.175, -11.9 ], [ 20.166666666666661, -11.9 ], [ 20.166666666666661, -11.891666666666662 ], [ 20.158333333333328, -11.891666666666662 ], [ 20.158333333333328, -11.933333333333328 ], [ 20.15, -11.933333333333328 ], [ 20.15, -11.941666666666663 ], [ 20.141666666666659, -11.941666666666663 ], [ 20.141666666666659, -11.95 ], [ 20.133333333333326, -11.95 ], [ 20.133333333333326, -11.958333333333329 ], [ 20.1, -11.958333333333329 ], [ 20.1, -11.966666666666661 ], [ 20.108333333333327, -11.966666666666661 ], [ 20.108333333333327, -11.975 ], [ 20.15, -11.975 ], [ 20.15, -11.983333333333329 ], [ 20.166666666666661, -11.983333333333329 ], [ 20.166666666666661, -11.975 ], [ 20.183333333333326, -11.975 ], [ 20.183333333333326, -11.983333333333329 ], [ 20.175, -11.983333333333329 ], [ 20.175, -11.991666666666662 ], [ 20.191666666666659, -11.991666666666662 ], [ 20.191666666666659, -12.0 ], [ 20.183333333333326, -12.0 ], [ 20.183333333333326, -12.008333333333329 ], [ 20.175, -12.008333333333329 ], [ 20.175, -12.0 ], [ 20.166666666666661, -12.0 ], [ 20.166666666666661, -12.008333333333329 ], [ 20.158333333333328, -12.008333333333329 ], [ 20.158333333333328, -12.033333333333328 ], [ 20.166666666666661, -12.033333333333328 ], [ 20.166666666666661, -12.041666666666663 ], [ 20.175, -12.041666666666663 ], [ 20.175, -12.033333333333328 ], [ 20.183333333333326, -12.033333333333328 ], [ 20.183333333333326, -12.041666666666663 ], [ 20.191666666666659, -12.041666666666663 ], [ 20.191666666666659, -12.066666666666663 ], [ 20.183333333333326, -12.066666666666663 ], [ 20.183333333333326, -12.058333333333328 ], [ 20.15, -12.058333333333328 ], [ 20.15, -12.05 ], [ 20.158333333333328, -12.05 ], [ 20.158333333333328, -12.041666666666663 ], [ 20.133333333333326, -12.041666666666663 ], [ 20.133333333333326, -12.05 ], [ 20.125, -12.05 ], [ 20.125, -12.033333333333328 ], [ 20.133333333333326, -12.033333333333328 ], [ 20.133333333333326, -12.025 ], [ 20.125, -12.025 ], [ 20.125, -12.016666666666662 ], [ 20.11666666666666, -12.016666666666662 ], [ 20.11666666666666, -12.008333333333329 ], [ 20.108333333333327, -12.008333333333329 ], [ 20.108333333333327, -12.0 ], [ 20.1, -12.0 ], [ 20.1, -12.041666666666663 ], [ 20.11666666666666, -12.041666666666663 ], [ 20.11666666666666, -12.05 ], [ 20.066666666666659, -12.05 ], [ 20.066666666666659, -12.066666666666663 ], [ 20.058333333333326, -12.066666666666663 ], [ 20.058333333333326, -12.05 ], [ 20.05, -12.05 ], [ 20.05, -12.041666666666663 ], [ 20.033333333333328, -12.041666666666663 ], [ 20.033333333333328, -12.058333333333328 ], [ 20.016666666666659, -12.058333333333328 ], [ 20.016666666666659, -12.05 ], [ 20.025, -12.05 ], [ 20.025, -12.033333333333328 ], [ 20.033333333333328, -12.033333333333328 ], [ 20.033333333333328, -12.025 ], [ 20.041666666666661, -12.025 ], [ 20.041666666666661, -12.008333333333329 ], [ 20.016666666666659, -12.008333333333329 ], [ 20.016666666666659, -12.016666666666662 ], [ 20.0, -12.016666666666662 ], [ 20.0, -12.025 ], [ 19.983333333333327, -12.025 ], [ 19.983333333333327, -12.033333333333328 ], [ 19.975, -12.033333333333328 ], [ 19.975, -12.058333333333328 ], [ 19.958333333333325, -12.058333333333328 ], [ 19.958333333333325, -12.05 ], [ 19.966666666666661, -12.05 ], [ 19.966666666666661, -12.041666666666663 ], [ 19.958333333333325, -12.041666666666663 ], [ 19.958333333333325, -12.033333333333328 ], [ 19.95, -12.033333333333328 ], [ 19.95, -12.041666666666663 ], [ 19.941666666666659, -12.041666666666663 ], [ 19.941666666666659, -12.05 ], [ 19.933333333333326, -12.05 ], [ 19.933333333333326, -12.075 ], [ 19.916666666666661, -12.075 ], [ 19.916666666666661, -12.066666666666663 ], [ 19.925, -12.066666666666663 ], [ 19.925, -12.041666666666663 ], [ 19.916666666666661, -12.041666666666663 ], [ 19.916666666666661, -12.033333333333328 ], [ 19.925, -12.033333333333328 ], [ 19.925, -12.008333333333329 ], [ 19.933333333333326, -12.008333333333329 ], [ 19.933333333333326, -12.0 ], [ 19.908333333333328, -12.0 ], [ 19.908333333333328, -12.008333333333329 ], [ 19.883333333333326, -12.008333333333329 ], [ 19.883333333333326, -12.016666666666662 ], [ 19.858333333333327, -12.016666666666662 ], [ 19.858333333333327, -12.025 ], [ 19.841666666666661, -12.025 ], [ 19.841666666666661, -12.033333333333328 ], [ 19.85, -12.033333333333328 ], [ 19.85, -12.05 ], [ 19.841666666666661, -12.05 ], [ 19.841666666666661, -12.041666666666663 ], [ 19.816666666666659, -12.041666666666663 ], [ 19.816666666666659, -12.025 ], [ 19.808333333333326, -12.025 ], [ 19.808333333333326, -12.016666666666662 ], [ 19.833333333333325, -12.016666666666662 ], [ 19.833333333333325, -12.008333333333329 ], [ 19.841666666666661, -12.008333333333329 ], [ 19.841666666666661, -12.0 ], [ 19.85, -12.0 ], [ 19.85, -11.991666666666662 ], [ 19.858333333333327, -11.991666666666662 ], [ 19.858333333333327, -11.983333333333329 ], [ 19.883333333333326, -11.983333333333329 ], [ 19.883333333333326, -11.975 ], [ 19.891666666666659, -11.975 ], [ 19.891666666666659, -11.958333333333329 ], [ 19.883333333333326, -11.958333333333329 ], [ 19.883333333333326, -11.95 ], [ 19.833333333333325, -11.95 ], [ 19.833333333333325, -11.958333333333329 ], [ 19.816666666666659, -11.958333333333329 ], [ 19.816666666666659, -11.95 ], [ 19.783333333333328, -11.95 ], [ 19.783333333333328, -11.941666666666663 ], [ 19.816666666666659, -11.941666666666663 ], [ 19.816666666666659, -11.925 ], [ 19.825, -11.925 ], [ 19.825, -11.916666666666663 ], [ 19.833333333333325, -11.916666666666663 ], [ 19.833333333333325, -11.908333333333328 ], [ 19.825, -11.908333333333328 ], [ 19.825, -11.9 ], [ 19.833333333333325, -11.9 ], [ 19.833333333333325, -11.875 ], [ 19.841666666666661, -11.875 ], [ 19.841666666666661, -11.866666666666662 ], [ 19.816666666666659, -11.866666666666662 ], [ 19.816666666666659, -11.875 ], [ 19.808333333333326, -11.875 ], [ 19.808333333333326, -11.866666666666662 ], [ 19.791666666666661, -11.866666666666662 ], [ 19.791666666666661, -11.875 ], [ 19.783333333333328, -11.875 ], [ 19.783333333333328, -11.883333333333329 ], [ 19.775, -11.883333333333329 ], [ 19.775, -11.891666666666662 ], [ 19.766666666666659, -11.891666666666662 ], [ 19.766666666666659, -11.9 ], [ 19.758333333333326, -11.9 ], [ 19.758333333333326, -11.883333333333329 ], [ 19.766666666666659, -11.883333333333329 ], [ 19.766666666666659, -11.875 ], [ 19.74166666666666, -11.875 ], [ 19.74166666666666, -11.883333333333329 ], [ 19.733333333333327, -11.883333333333329 ], [ 19.733333333333327, -11.891666666666662 ], [ 19.716666666666661, -11.891666666666662 ], [ 19.716666666666661, -11.9 ], [ 19.691666666666659, -11.9 ], [ 19.691666666666659, -11.883333333333329 ], [ 19.708333333333325, -11.883333333333329 ], [ 19.708333333333325, -11.875 ], [ 19.725, -11.875 ], [ 19.725, -11.866666666666662 ], [ 19.733333333333327, -11.866666666666662 ], [ 19.733333333333327, -11.858333333333329 ], [ 19.74166666666666, -11.858333333333329 ], [ 19.74166666666666, -11.85 ], [ 19.716666666666661, -11.85 ], [ 19.716666666666661, -11.841666666666661 ], [ 19.725, -11.841666666666661 ], [ 19.725, -11.825 ], [ 19.74166666666666, -11.825 ], [ 19.74166666666666, -11.833333333333329 ], [ 19.75, -11.833333333333329 ], [ 19.75, -11.825 ], [ 19.758333333333326, -11.825 ], [ 19.758333333333326, -11.8 ], [ 19.75, -11.8 ], [ 19.75, -11.783333333333328 ], [ 19.758333333333326, -11.783333333333328 ], [ 19.758333333333326, -11.791666666666663 ], [ 19.766666666666659, -11.791666666666663 ], [ 19.766666666666659, -11.808333333333328 ], [ 19.783333333333328, -11.808333333333328 ], [ 19.783333333333328, -11.791666666666663 ], [ 19.8, -11.791666666666663 ], [ 19.8, -11.758333333333329 ], [ 19.808333333333326, -11.758333333333329 ], [ 19.808333333333326, -11.75 ], [ 19.8, -11.75 ], [ 19.8, -11.741666666666662 ], [ 19.783333333333328, -11.741666666666662 ], [ 19.783333333333328, -11.733333333333329 ], [ 19.825, -11.733333333333329 ], [ 19.825, -11.716666666666661 ], [ 19.816666666666659, -11.716666666666661 ], [ 19.816666666666659, -11.708333333333329 ], [ 19.808333333333326, -11.708333333333329 ], [ 19.808333333333326, -11.691666666666663 ], [ 19.816666666666659, -11.691666666666663 ], [ 19.816666666666659, -11.7 ], [ 19.86666666666666, -11.7 ], [ 19.86666666666666, -11.691666666666663 ], [ 19.875, -11.691666666666663 ], [ 19.875, -11.683333333333328 ], [ 19.86666666666666, -11.683333333333328 ], [ 19.86666666666666, -11.675 ], [ 19.858333333333327, -11.675 ], [ 19.858333333333327, -11.666666666666663 ], [ 19.85, -11.666666666666663 ], [ 19.85, -11.641666666666662 ], [ 19.86666666666666, -11.641666666666662 ], [ 19.86666666666666, -11.616666666666662 ], [ 19.85, -11.616666666666662 ], [ 19.85, -11.6 ], [ 19.883333333333326, -11.6 ], [ 19.883333333333326, -11.591666666666661 ], [ 19.9, -11.591666666666661 ], [ 19.9, -11.616666666666662 ], [ 19.916666666666661, -11.616666666666662 ], [ 19.916666666666661, -11.6 ], [ 19.925, -11.6 ], [ 19.925, -11.591666666666661 ], [ 19.916666666666661, -11.591666666666661 ], [ 19.916666666666661, -11.583333333333329 ], [ 19.908333333333328, -11.583333333333329 ], [ 19.908333333333328, -11.566666666666663 ], [ 19.925, -11.566666666666663 ], [ 19.925, -11.558333333333328 ], [ 19.916666666666661, -11.558333333333328 ], [ 19.916666666666661, -11.55 ], [ 19.925, -11.55 ], [ 19.925, -11.541666666666663 ], [ 19.933333333333326, -11.541666666666663 ], [ 19.933333333333326, -11.558333333333328 ], [ 19.941666666666659, -11.558333333333328 ], [ 19.941666666666659, -11.566666666666663 ], [ 19.958333333333325, -11.566666666666663 ], [ 19.958333333333325, -11.558333333333328 ], [ 19.966666666666661, -11.558333333333328 ], [ 19.966666666666661, -11.55 ], [ 19.99166666666666, -11.55 ], [ 19.99166666666666, -11.541666666666663 ], [ 20.0, -11.541666666666663 ], [ 20.0, -11.525 ], [ 20.008333333333326, -11.525 ], [ 20.008333333333326, -11.508333333333329 ], [ 20.016666666666659, -11.508333333333329 ], [ 20.016666666666659, -11.491666666666662 ], [ 20.033333333333328, -11.491666666666662 ], [ 20.033333333333328, -11.483333333333329 ], [ 20.025, -11.483333333333329 ], [ 20.025, -11.466666666666661 ], [ 20.0, -11.466666666666661 ], [ 20.0, -11.475 ], [ 20.008333333333326, -11.475 ], [ 20.008333333333326, -11.483333333333329 ], [ 19.983333333333327, -11.483333333333329 ], [ 19.983333333333327, -11.458333333333329 ], [ 19.99166666666666, -11.458333333333329 ], [ 19.99166666666666, -11.45 ], [ 20.0, -11.45 ], [ 20.0, -11.441666666666663 ], [ 20.008333333333326, -11.441666666666663 ], [ 20.008333333333326, -11.433333333333328 ], [ 20.0, -11.433333333333328 ], [ 20.0, -11.416666666666663 ], [ 20.025, -11.416666666666663 ], [ 20.025, -11.383333333333329 ], [ 20.016666666666659, -11.383333333333329 ], [ 20.016666666666659, -11.375 ], [ 20.033333333333328, -11.375 ], [ 20.033333333333328, -11.383333333333329 ], [ 20.041666666666661, -11.383333333333329 ], [ 20.041666666666661, -11.391666666666662 ], [ 20.05, -11.391666666666662 ], [ 20.05, -11.4 ], [ 20.066666666666659, -11.4 ], [ 20.066666666666659, -11.416666666666663 ], [ 20.075, -11.416666666666663 ], [ 20.075, -11.433333333333328 ], [ 20.091666666666661, -11.433333333333328 ], [ 20.091666666666661, -11.425 ], [ 20.083333333333325, -11.425 ], [ 20.083333333333325, -11.416666666666663 ], [ 20.091666666666661, -11.416666666666663 ], [ 20.091666666666661, -11.40833333333333 ], [ 20.1, -11.40833333333333 ], [ 20.1, -11.375 ], [ 20.141666666666659, -11.375 ], [ 20.141666666666659, -11.366666666666662 ], [ 20.133333333333326, -11.366666666666662 ], [ 20.133333333333326, -11.358333333333329 ], [ 20.125, -11.358333333333329 ], [ 20.125, -11.35 ], [ 20.11666666666666, -11.35 ], [ 20.11666666666666, -11.341666666666661 ], [ 20.108333333333327, -11.341666666666661 ], [ 20.108333333333327, -11.333333333333329 ], [ 20.083333333333325, -11.333333333333329 ], [ 20.083333333333325, -11.341666666666661 ], [ 20.041666666666661, -11.341666666666661 ], [ 20.041666666666661, -11.35 ], [ 20.033333333333328, -11.35 ], [ 20.033333333333328, -11.333333333333329 ], [ 20.058333333333326, -11.333333333333329 ], [ 20.058333333333326, -11.325 ], [ 20.066666666666659, -11.325 ], [ 20.066666666666659, -11.28333333333333 ], [ 20.091666666666661, -11.28333333333333 ], [ 20.091666666666661, -11.275 ], [ 20.1, -11.275 ], [ 20.1, -11.266666666666662 ], [ 20.133333333333326, -11.266666666666662 ], [ 20.133333333333326, -11.258333333333329 ], [ 20.125, -11.258333333333329 ], [ 20.125, -11.241666666666662 ], [ 20.141666666666659, -11.241666666666662 ], [ 20.141666666666659, -11.233333333333329 ], [ 20.15, -11.233333333333329 ], [ 20.15, -11.225 ] ], [ [ 19.875, -11.7 ], [ 19.883333333333326, -11.7 ], [ 19.883333333333326, -11.691666666666663 ], [ 19.875, -11.691666666666663 ], [ 19.875, -11.7 ] ], [ [ 19.883333333333326, -11.608333333333329 ], [ 19.875, -11.608333333333329 ], [ 19.875, -11.616666666666662 ], [ 19.891666666666659, -11.616666666666662 ], [ 19.891666666666659, -11.6 ], [ 19.883333333333326, -11.6 ], [ 19.883333333333326, -11.608333333333329 ] ], [ [ 20.091666666666661, -11.291666666666663 ], [ 20.1, -11.291666666666663 ], [ 20.1, -11.28333333333333 ], [ 20.091666666666661, -11.28333333333333 ], [ 20.091666666666661, -11.291666666666663 ] ], [ [ 20.1, -11.3 ], [ 20.108333333333327, -11.3 ], [ 20.108333333333327, -11.291666666666663 ], [ 20.1, -11.291666666666663 ], [ 20.1, -11.3 ] ], [ [ 20.108333333333327, -11.308333333333328 ], [ 20.125, -11.308333333333328 ], [ 20.125, -11.3 ], [ 20.108333333333327, -11.3 ], [ 20.108333333333327, -11.308333333333328 ] ], [ [ 20.133333333333326, -11.275 ], [ 20.141666666666659, -11.275 ], [ 20.141666666666659, -11.266666666666662 ], [ 20.133333333333326, -11.266666666666662 ], [ 20.133333333333326, -11.275 ] ], [ [ 20.15, -11.241666666666662 ], [ 20.175, -11.241666666666662 ], [ 20.175, -11.233333333333329 ], [ 20.15, -11.233333333333329 ], [ 20.15, -11.241666666666662 ] ], [ [ 20.24166666666666, -11.266666666666662 ], [ 20.25, -11.266666666666662 ], [ 20.25, -11.258333333333329 ], [ 20.24166666666666, -11.258333333333329 ], [ 20.24166666666666, -11.266666666666662 ] ], [ [ 20.2, -11.275 ], [ 20.208333333333325, -11.275 ], [ 20.208333333333325, -11.28333333333333 ], [ 20.2, -11.28333333333333 ], [ 20.2, -11.3 ], [ 20.216666666666661, -11.3 ], [ 20.216666666666661, -11.275 ], [ 20.225, -11.275 ], [ 20.225, -11.266666666666662 ], [ 20.2, -11.266666666666662 ], [ 20.2, -11.275 ] ], [ [ 20.225, -11.333333333333329 ], [ 20.25, -11.333333333333329 ], [ 20.25, -11.325 ], [ 20.225, -11.325 ], [ 20.225, -11.333333333333329 ] ], [ [ 20.15, -11.525 ], [ 20.141666666666659, -11.525 ], [ 20.141666666666659, -11.516666666666662 ], [ 20.125, -11.516666666666662 ], [ 20.125, -11.508333333333329 ], [ 20.108333333333327, -11.508333333333329 ], [ 20.108333333333327, -11.516666666666662 ], [ 20.1, -11.516666666666662 ], [ 20.1, -11.525 ], [ 20.108333333333327, -11.525 ], [ 20.108333333333327, -11.53333333333333 ], [ 20.125, -11.53333333333333 ], [ 20.125, -11.541666666666663 ], [ 20.141666666666659, -11.541666666666663 ], [ 20.141666666666659, -11.53333333333333 ], [ 20.15, -11.53333333333333 ], [ 20.15, -11.525 ] ], [ [ 20.15, -11.541666666666663 ], [ 20.166666666666661, -11.541666666666663 ], [ 20.166666666666661, -11.53333333333333 ], [ 20.15, -11.53333333333333 ], [ 20.15, -11.541666666666663 ] ], [ [ 20.058333333333326, -11.591666666666661 ], [ 20.075, -11.591666666666661 ], [ 20.075, -11.583333333333329 ], [ 20.1, -11.583333333333329 ], [ 20.1, -11.575 ], [ 20.083333333333325, -11.575 ], [ 20.083333333333325, -11.566666666666663 ], [ 20.058333333333326, -11.566666666666663 ], [ 20.058333333333326, -11.591666666666661 ] ], [ [ 20.016666666666659, -11.583333333333329 ], [ 20.016666666666659, -11.575 ], [ 20.008333333333326, -11.575 ], [ 20.008333333333326, -11.583333333333329 ], [ 20.016666666666659, -11.583333333333329 ] ], [ [ 20.0, -11.583333333333329 ], [ 20.0, -11.591666666666661 ], [ 20.008333333333326, -11.591666666666661 ], [ 20.008333333333326, -11.583333333333329 ], [ 20.0, -11.583333333333329 ] ], [ [ 20.316666666666659, -11.591666666666661 ], [ 20.308333333333326, -11.591666666666661 ], [ 20.308333333333326, -11.625 ], [ 20.325, -11.625 ], [ 20.325, -11.616666666666662 ], [ 20.333333333333325, -11.616666666666662 ], [ 20.333333333333325, -11.608333333333329 ], [ 20.341666666666661, -11.608333333333329 ], [ 20.341666666666661, -11.616666666666662 ], [ 20.358333333333327, -11.616666666666662 ], [ 20.358333333333327, -11.608333333333329 ], [ 20.36666666666666, -11.608333333333329 ], [ 20.36666666666666, -11.6 ], [ 20.358333333333327, -11.6 ], [ 20.358333333333327, -11.591666666666661 ], [ 20.35, -11.591666666666661 ], [ 20.35, -11.583333333333329 ], [ 20.316666666666659, -11.583333333333329 ], [ 20.316666666666659, -11.591666666666661 ] ], [ [ 20.0, -11.608333333333329 ], [ 19.975, -11.608333333333329 ], [ 19.975, -11.616666666666662 ], [ 19.99166666666666, -11.616666666666662 ], [ 19.99166666666666, -11.625 ], [ 19.983333333333327, -11.625 ], [ 19.983333333333327, -11.633333333333329 ], [ 19.966666666666661, -11.633333333333329 ], [ 19.966666666666661, -11.675 ], [ 19.983333333333327, -11.675 ], [ 19.983333333333327, -11.666666666666663 ], [ 19.99166666666666, -11.666666666666663 ], [ 19.99166666666666, -11.65833333333333 ], [ 20.0, -11.65833333333333 ], [ 20.0, -11.65 ], [ 20.008333333333326, -11.65 ], [ 20.008333333333326, -11.641666666666662 ], [ 20.0, -11.641666666666662 ], [ 20.0, -11.625 ], [ 20.008333333333326, -11.625 ], [ 20.008333333333326, -11.633333333333329 ], [ 20.016666666666659, -11.633333333333329 ], [ 20.016666666666659, -11.65 ], [ 20.025, -11.65 ], [ 20.025, -11.641666666666662 ], [ 20.033333333333328, -11.641666666666662 ], [ 20.033333333333328, -11.633333333333329 ], [ 20.041666666666661, -11.633333333333329 ], [ 20.041666666666661, -11.625 ], [ 20.05, -11.625 ], [ 20.05, -11.616666666666662 ], [ 20.033333333333328, -11.616666666666662 ], [ 20.033333333333328, -11.6 ], [ 20.016666666666659, -11.6 ], [ 20.016666666666659, -11.616666666666662 ], [ 20.008333333333326, -11.616666666666662 ], [ 20.008333333333326, -11.6 ], [ 20.0, -11.6 ], [ 20.0, -11.608333333333329 ] ], [ [ 20.191666666666659, -11.633333333333329 ], [ 20.158333333333328, -11.633333333333329 ], [ 20.158333333333328, -11.641666666666662 ], [ 20.15, -11.641666666666662 ], [ 20.15, -11.65 ], [ 20.166666666666661, -11.65 ], [ 20.166666666666661, -11.65833333333333 ], [ 20.158333333333328, -11.65833333333333 ], [ 20.158333333333328, -11.666666666666663 ], [ 20.175, -11.666666666666663 ], [ 20.175, -11.675 ], [ 20.2, -11.675 ], [ 20.2, -11.666666666666663 ], [ 20.208333333333325, -11.666666666666663 ], [ 20.208333333333325, -11.616666666666662 ], [ 20.2, -11.616666666666662 ], [ 20.2, -11.608333333333329 ], [ 20.191666666666659, -11.608333333333329 ], [ 20.191666666666659, -11.633333333333329 ] ], [ [ 20.4, -11.625 ], [ 20.408333333333328, -11.625 ], [ 20.408333333333328, -11.616666666666662 ], [ 20.4, -11.616666666666662 ], [ 20.4, -11.625 ] ], [ [ 19.95, -11.65 ], [ 19.958333333333325, -11.65 ], [ 19.958333333333325, -11.633333333333329 ], [ 19.95, -11.633333333333329 ], [ 19.95, -11.65 ] ], [ [ 20.416666666666661, -11.641666666666662 ], [ 20.433333333333326, -11.641666666666662 ], [ 20.433333333333326, -11.633333333333329 ], [ 20.416666666666661, -11.633333333333329 ], [ 20.416666666666661, -11.641666666666662 ] ], [ [ 20.11666666666666, -11.65 ], [ 20.108333333333327, -11.65 ], [ 20.108333333333327, -11.666666666666663 ], [ 20.1, -11.666666666666663 ], [ 20.1, -11.675 ], [ 20.125, -11.675 ], [ 20.125, -11.65833333333333 ], [ 20.133333333333326, -11.65833333333333 ], [ 20.133333333333326, -11.666666666666663 ], [ 20.141666666666659, -11.666666666666663 ], [ 20.141666666666659, -11.641666666666662 ], [ 20.11666666666666, -11.641666666666662 ], [ 20.11666666666666, -11.65 ] ], [ [ 19.95, -11.666666666666663 ], [ 19.958333333333325, -11.666666666666663 ], [ 19.958333333333325, -11.65833333333333 ], [ 19.95, -11.65833333333333 ], [ 19.95, -11.666666666666663 ] ], [ [ 20.183333333333326, -11.716666666666661 ], [ 20.2, -11.716666666666661 ], [ 20.2, -11.733333333333329 ], [ 20.166666666666661, -11.733333333333329 ], [ 20.166666666666661, -11.758333333333329 ], [ 20.158333333333328, -11.758333333333329 ], [ 20.158333333333328, -11.775 ], [ 20.15, -11.775 ], [ 20.15, -11.783333333333328 ], [ 20.175, -11.783333333333328 ], [ 20.175, -11.775 ], [ 20.183333333333326, -11.775 ], [ 20.183333333333326, -11.766666666666662 ], [ 20.191666666666659, -11.766666666666662 ], [ 20.191666666666659, -11.758333333333329 ], [ 20.208333333333325, -11.758333333333329 ], [ 20.208333333333325, -11.75 ], [ 20.216666666666661, -11.75 ], [ 20.216666666666661, -11.741666666666662 ], [ 20.225, -11.741666666666662 ], [ 20.225, -11.7 ], [ 20.216666666666661, -11.7 ], [ 20.216666666666661, -11.691666666666663 ], [ 20.2, -11.691666666666663 ], [ 20.2, -11.7 ], [ 20.191666666666659, -11.7 ], [ 20.191666666666659, -11.691666666666663 ], [ 20.183333333333326, -11.691666666666663 ], [ 20.183333333333326, -11.716666666666661 ] ], [ [ 20.11666666666666, -11.841666666666661 ], [ 20.125, -11.841666666666661 ], [ 20.125, -11.833333333333329 ], [ 20.11666666666666, -11.833333333333329 ], [ 20.11666666666666, -11.841666666666661 ] ], [ [ 19.86666666666666, -11.9 ], [ 19.858333333333327, -11.9 ], [ 19.858333333333327, -11.908333333333328 ], [ 19.85, -11.908333333333328 ], [ 19.85, -11.925 ], [ 19.883333333333326, -11.925 ], [ 19.883333333333326, -11.916666666666663 ], [ 19.891666666666659, -11.916666666666663 ], [ 19.891666666666659, -11.908333333333328 ], [ 19.9, -11.908333333333328 ], [ 19.9, -11.9 ], [ 19.916666666666661, -11.9 ], [ 19.916666666666661, -11.891666666666662 ], [ 19.9, -11.891666666666662 ], [ 19.9, -11.883333333333329 ], [ 19.86666666666666, -11.883333333333329 ], [ 19.86666666666666, -11.9 ] ], [ [ 19.983333333333327, -11.991666666666662 ], [ 19.99166666666666, -11.991666666666662 ], [ 19.99166666666666, -11.983333333333329 ], [ 20.0, -11.983333333333329 ], [ 20.0, -11.975 ], [ 19.983333333333327, -11.975 ], [ 19.983333333333327, -11.991666666666662 ] ] ] ] } },
{ "type": "Feature", "properties": { "threshold_min": 120 }, "geometry": { "type": "MultiPolygon", "coordinates": [ [ [ [ 21.675, -13.783333333333328 ], [ 21.675, -13.775 ], [ 21.691666666666659, -13.775 ], [ 21.691666666666659, -13.766666666666662 ], [ 21.716666666666661, -13.766666666666662 ], [ 21.716666666666661, -13.775 ], [ 21.708333333333325, -13.775 ], [ 21.708333333333325, -13.8 ], [ 21.716666666666661, -13.8 ], [ 21.716666666666661, -13.808333333333328 ], [ 21.725, -13.808333333333328 ], [ 21.725, -13.816666666666661 ], [ 21.683333333333326, -13.816666666666661 ], [ 21.683333333333326, -13.825 ], [ 21.733333333333327, -13.825 ], [ 21.733333333333327, -13.841666666666661 ], [ 21.75, -13.841666666666661 ], [ 21.75, -13.85 ], [ 21.758333333333326, -13.85 ], [ 21.758333333333326, -13.866666666666662 ], [ 21.75, -13.866666666666662 ], [ 21.75, -13.858333333333327 ], [ 21.74166666666666, -13.858333333333327 ], [ 21.74166666666666, -13.85 ], [ 21.733333333333327, -13.85 ], [ 21.733333333333327, -13.858333333333327 ], [ 21.716666666666661, -13.858333333333327 ], [ 21.716666666666661, -13.85 ], [ 21.683333333333326, -13.85 ], [ 21.683333333333326, -13.858333333333327 ], [ 21.691666666666659, -13.858333333333327 ], [ 21.691666666666659, -13.866666666666662 ], [ 21.683333333333326, -13.866666666666662 ], [ 21.683333333333326, -13.875 ], [ 21.675, -13.875 ], [ 21.675, -13.883333333333328 ], [ 21.633333333333326, -13.883333333333328 ], [ 21.633333333333326, -13.9 ], [ 21.625, -13.9 ], [ 21.625, -13.908333333333328 ], [ 21.608333333333327, -13.908333333333328 ], [ 21.608333333333327, -13.916666666666661 ], [ 21.6, -13.916666666666661 ], [ 21.6, -13.933333333333328 ], [ 21.65, -13.933333333333328 ], [ 21.65, -13.941666666666661 ], [ 21.666666666666661, -13.941666666666661 ], [ 21.666666666666661, -13.95 ], [ 21.691666666666659, -13.95 ], [ 21.691666666666659, -13.958333333333329 ], [ 21.733333333333327, -13.958333333333329 ], [ 21.733333333333327, -13.991666666666662 ], [ 21.74166666666666, -13.991666666666662 ], [ 21.74166666666666, -14.0 ], [ 21.75, -14.0 ], [ 21.75, -14.008333333333328 ], [ 21.74166666666666, -14.008333333333328 ], [ 21.74166666666666, -14.025 ], [ 21.733333333333327, -14.025 ], [ 21.733333333333327, -14.033333333333328 ], [ 21.7, -14.033333333333328 ], [ 21.7, -14.041666666666661 ], [ 21.691666666666659, -14.041666666666661 ], [ 21.691666666666659, -14.05 ], [ 21.683333333333326, -14.05 ], [ 21.683333333333326, -14.058333333333328 ], [ 21.675, -14.058333333333328 ], [ 21.675, -14.066666666666661 ], [ 21.658333333333328, -14.066666666666661 ], [ 21.658333333333328, -14.1 ], [ 21.666666666666661, -14.1 ], [ 21.666666666666661, -14.108333333333327 ], [ 21.691666666666659, -14.108333333333327 ], [ 21.691666666666659, -14.116666666666662 ], [ 21.7, -14.116666666666662 ], [ 21.7, -14.133333333333328 ], [ 21.716666666666661, -14.133333333333328 ], [ 21.716666666666661, -14.141666666666662 ], [ 21.758333333333326, -14.141666666666662 ], [ 21.758333333333326, -14.15 ], [ 21.783333333333328, -14.15 ], [ 21.783333333333328, -14.141666666666662 ], [ 21.791666666666661, -14.141666666666662 ], [ 21.791666666666661, -14.15 ], [ 21.833333333333325, -14.15 ], [ 21.833333333333325, -14.158333333333328 ], [ 21.86666666666666, -14.158333333333328 ], [ 21.86666666666666, -14.166666666666661 ], [ 21.833333333333325, -14.166666666666661 ], [ 21.833333333333325, -14.175 ], [ 21.808333333333326, -14.175 ], [ 21.808333333333326, -14.183333333333328 ], [ 21.8, -14.183333333333328 ], [ 21.8, -14.191666666666661 ], [ 21.825, -14.191666666666661 ], [ 21.825, -14.2 ], [ 21.858333333333327, -14.2 ], [ 21.858333333333327, -14.208333333333329 ], [ 21.825, -14.208333333333329 ], [ 21.825, -14.216666666666661 ], [ 21.783333333333328, -14.216666666666661 ], [ 21.783333333333328, -14.225 ], [ 21.766666666666659, -14.225 ], [ 21.766666666666659, -14.233333333333327 ], [ 21.74166666666666, -14.233333333333327 ], [ 21.74166666666666, -14.24166666666666 ], [ 21.7, -14.24166666666666 ], [ 21.7, -14.25 ], [ 21.691666666666659, -14.25 ], [ 21.691666666666659, -14.24166666666666 ], [ 21.658333333333328, -14.24166666666666 ], [ 21.658333333333328, -14.25 ], [ 21.633333333333326, -14.25 ], [ 21.633333333333326, -14.258333333333328 ], [ 21.625, -14.258333333333328 ], [ 21.625, -14.25 ], [ 21.591666666666661, -14.25 ], [ 21.591666666666661, -14.258333333333328 ], [ 21.575, -14.258333333333328 ], [ 21.575, -14.266666666666662 ], [ 21.516666666666659, -14.266666666666662 ], [ 21.516666666666659, -14.275 ], [ 21.45, -14.275 ], [ 21.45, -14.283333333333328 ], [ 21.441666666666659, -14.283333333333328 ], [ 21.441666666666659, -14.325 ], [ 21.458333333333325, -14.325 ], [ 21.458333333333325, -14.35 ], [ 21.466666666666661, -14.35 ], [ 21.466666666666661, -14.383333333333328 ], [ 21.458333333333325, -14.383333333333328 ], [ 21.458333333333325, -14.416666666666661 ], [ 21.466666666666661, -14.416666666666661 ], [ 21.466666666666661, -14.458333333333329 ], [ 21.458333333333325, -14.458333333333329 ], [ 21.458333333333325, -14.541666666666661 ], [ 21.45, -14.541666666666661 ], [ 21.45, -14.566666666666661 ], [ 21.441666666666659, -14.566666666666661 ], [ 21.441666666666659, -14.575 ], [ 21.433333333333326, -14.575 ], [ 21.433333333333326, -14.583333333333329 ], [ 21.441666666666659, -14.583333333333329 ], [ 21.441666666666659, -14.591666666666661 ], [ 21.45, -14.591666666666661 ], [ 21.45, -14.6 ], [ 21.458333333333325, -14.6 ], [ 21.458333333333325, -14.608333333333327 ], [ 21.466666666666661, -14.608333333333327 ], [ 21.466666666666661, -14.61666666666666 ], [ 21.483333333333327, -14.61666666666666 ], [ 21.483333333333327, -14.625 ], [ 21.49166666666666, -14.625 ], [ 21.49166666666666, -14.633333333333328 ], [ 21.5, -14.633333333333328 ], [ 21.5, -14.64166666666666 ], [ 21.508333333333326, -14.64166666666666 ], [ 21.508333333333326, -14.65 ], [ 21.516666666666659, -14.65 ], [ 21.516666666666659, -14.658333333333328 ], [ 21.525, -14.658333333333328 ], [ 21.525, -14.666666666666661 ], [ 21.533333333333328, -14.666666666666661 ], [ 21.533333333333328, -14.675 ], [ 21.55, -14.675 ], [ 21.55, -14.691666666666661 ], [ 21.541666666666661, -14.691666666666661 ], [ 21.541666666666661, -14.683333333333326 ], [ 21.508333333333326, -14.683333333333326 ], [ 21.508333333333326, -14.675 ], [ 21.475, -14.675 ], [ 21.475, -14.658333333333328 ], [ 21.458333333333325, -14.658333333333328 ], [ 21.458333333333325, -14.65 ], [ 21.433333333333326, -14.65 ], [ 21.433333333333326, -14.64166666666666 ], [ 21.416666666666661, -14.64166666666666 ], [ 21.416666666666661, -14.65 ], [ 21.408333333333328, -14.65 ], [ 21.408333333333328, -14.675 ], [ 21.4, -14.675 ], [ 21.4, -14.716666666666661 ], [ 21.391666666666659, -14.716666666666661 ], [ 21.391666666666659, -14.75 ], [ 21.4, -14.75 ], [ 21.4, -14.8 ], [ 21.416666666666661, -14.8 ], [ 21.416666666666661, -14.808333333333326 ], [ 21.425, -14.808333333333326 ], [ 21.425, -14.816666666666661 ], [ 21.4, -14.816666666666661 ], [ 21.4, -14.808333333333326 ], [ 21.391666666666659, -14.808333333333326 ], [ 21.391666666666659, -14.816666666666661 ], [ 21.383333333333326, -14.816666666666661 ], [ 21.383333333333326, -14.825 ], [ 21.375, -14.825 ], [ 21.375, -14.833333333333329 ], [ 21.36666666666666, -14.833333333333329 ], [ 21.36666666666666, -14.841666666666661 ], [ 21.358333333333327, -14.841666666666661 ], [ 21.358333333333327, -14.825 ], [ 21.36666666666666, -14.825 ], [ 21.36666666666666, -14.808333333333326 ], [ 21.35, -14.808333333333326 ], [ 21.35, -14.8 ], [ 21.341666666666661, -14.8 ], [ 21.341666666666661, -14.791666666666661 ], [ 21.36666666666666, -14.791666666666661 ], [ 21.36666666666666, -14.716666666666661 ], [ 21.358333333333327, -14.716666666666661 ], [ 21.358333333333327, -14.61666666666666 ], [ 21.333333333333325, -14.61666666666666 ], [ 21.333333333333325, -14.608333333333327 ], [ 21.325, -14.608333333333327 ], [ 21.325, -14.591666666666661 ], [ 21.316666666666659, -14.591666666666661 ], [ 21.316666666666659, -14.583333333333329 ], [ 21.325, -14.583333333333329 ], [ 21.325, -14.575 ], [ 21.333333333333325, -14.575 ], [ 21.333333333333325, -14.566666666666661 ], [ 21.36666666666666, -14.566666666666661 ], [ 21.36666666666666, -14.575 ], [ 21.375, -14.575 ], [ 21.375, -14.525 ], [ 21.383333333333326, -14.525 ], [ 21.383333333333326, -14.466666666666661 ], [ 21.375, -14.466666666666661 ], [ 21.375, -14.45 ], [ 21.36666666666666, -14.45 ], [ 21.36666666666666, -14.425 ], [ 21.358333333333327, -14.425 ], [ 21.358333333333327, -14.4 ], [ 21.333333333333325, -14.4 ], [ 21.333333333333325, -14.39166666666666 ], [ 21.316666666666659, -14.39166666666666 ], [ 21.316666666666659, -14.375 ], [ 21.308333333333326, -14.375 ], [ 21.308333333333326, -14.358333333333327 ], [ 21.3, -14.358333333333327 ], [ 21.3, -14.325 ], [ 21.291666666666661, -14.325 ], [ 21.291666666666661, -14.333333333333329 ], [ 21.24166666666666, -14.333333333333329 ], [ 21.24166666666666, -14.325 ], [ 21.216666666666661, -14.325 ], [ 21.216666666666661, -14.333333333333329 ], [ 21.191666666666659, -14.333333333333329 ], [ 21.191666666666659, -14.341666666666661 ], [ 21.183333333333326, -14.341666666666661 ], [ 21.183333333333326, -14.35 ], [ 21.175, -14.35 ], [ 21.175, -14.341666666666661 ], [ 21.166666666666661, -14.341666666666661 ], [ 21.166666666666661, -14.35 ], [ 21.15, -14.35 ], [ 21.15, -14.341666666666661 ], [ 21.158333333333328, -14.341666666666661 ], [ 21.158333333333328, -14.333333333333329 ], [ 21.141666666666659, -14.333333333333329 ], [ 21.141666666666659, -14.325 ], [ 21.166666666666661, -14.325 ], [ 21.166666666666661, -14.308333333333328 ], [ 21.175, -14.308333333333328 ], [ 21.175, -14.3 ], [ 21.191666666666659, -14.3 ], [ 21.191666666666659, -14.291666666666661 ], [ 21.2, -14.291666666666661 ], [ 21.2, -14.283333333333328 ], [ 21.24166666666666, -14.283333333333328 ], [ 21.24166666666666, -14.275 ], [ 21.25, -14.275 ], [ 21.25, -14.266666666666662 ], [ 21.258333333333326, -14.266666666666662 ], [ 21.258333333333326, -14.258333333333328 ], [ 21.266666666666659, -14.258333333333328 ], [ 21.266666666666659, -14.225 ], [ 21.258333333333326, -14.225 ], [ 21.258333333333326, -14.216666666666661 ], [ 21.25, -14.216666666666661 ], [ 21.25, -14.208333333333329 ], [ 21.191666666666659, -14.208333333333329 ], [ 21.191666666666659, -14.2 ], [ 21.175, -14.2 ], [ 21.175, -14.208333333333329 ], [ 21.166666666666661, -14.208333333333329 ], [ 21.166666666666661, -14.225 ], [ 21.158333333333328, -14.225 ], [ 21.158333333333328, -14.25 ], [ 21.15, -14.25 ], [ 21.15, -14.258333333333328 ], [ 21.141666666666659, -14.258333333333328 ], [ 21.141666666666659, -14.266666666666662 ], [ 21.11666666666666, -14.266666666666662 ], [ 21.11666666666666, -14.258333333333328 ], [ 21.108333333333327, -14.258333333333328 ], [ 21.108333333333327, -14.225 ], [ 21.1, -14.225 ], [ 21.1, -14.216666666666661 ], [ 21.083333333333325, -14.216666666666661 ], [ 21.083333333333325, -14.225 ], [ 21.075, -14.225 ], [ 21.075, -14.233333333333327 ], [ 21.05, -14.233333333333327 ], [ 21.05, -14.216666666666661 ], [ 21.041666666666661, -14.216666666666661 ], [ 21.041666666666661, -14.2 ], [ 21.05, -14.2 ], [ 21.05, -14.183333333333328 ], [ 21.058333333333326, -14.183333333333328 ], [ 21.058333333333326, -14.166666666666661 ], [ 21.075, -14.166666666666661 ], [ 21.075, -14.158333333333328 ], [ 21.066666666666659, -14.158333333333328 ], [ 21.066666666666659, -14.141666666666662 ], [ 21.058333333333326, -14.141666666666662 ], [ 21.058333333333326, -14.133333333333328 ], [ 21.05, -14.133333333333328 ], [ 21.05, -14.125 ], [ 21.033333333333328, -14.125 ], [ 21.033333333333328, -14.116666666666662 ], [ 21.025, -14.116666666666662 ], [ 21.025, -14.108333333333327 ], [ 21.016666666666659, -14.108333333333327 ], [ 21.016666666666659, -14.1 ], [ 21.0, -14.1 ], [ 21.0, -14.091666666666661 ], [ 21.025, -14.091666666666661 ], [ 21.025, -14.083333333333329 ], [ 21.033333333333328, -14.083333333333329 ], [ 21.033333333333328, -14.091666666666661 ], [ 21.075, -14.091666666666661 ], [ 21.075, -14.1 ], [ 21.091666666666661, -14.1 ], [ 21.091666666666661, -14.108333333333327 ], [ 21.125, -14.108333333333327 ], [ 21.125, -14.116666666666662 ], [ 21.258333333333326, -14.116666666666662 ], [ 21.258333333333326, -14.108333333333327 ], [ 21.291666666666661, -14.108333333333327 ], [ 21.291666666666661, -14.1 ], [ 21.275, -14.1 ], [ 21.275, -14.091666666666661 ], [ 21.266666666666659, -14.091666666666661 ], [ 21.266666666666659, -14.083333333333329 ], [ 21.233333333333327, -14.083333333333329 ], [ 21.233333333333327, -14.075 ], [ 21.208333333333325, -14.075 ], [ 21.208333333333325, -14.066666666666661 ], [ 21.175, -14.066666666666661 ], [ 21.175, -14.058333333333328 ], [ 21.141666666666659, -14.058333333333328 ], [ 21.141666666666659, -14.05 ], [ 21.125, -14.05 ], [ 21.125, -14.058333333333328 ], [ 21.091666666666661, -14.058333333333328 ], [ 21.091666666666661, -14.066666666666661 ], [ 21.083333333333325, -14.066666666666661 ], [ 21.083333333333325, -14.058333333333328 ], [ 21.075, -14.058333333333328 ], [ 21.075, -14.066666666666661 ], [ 21.033333333333328, -14.066666666666661 ], [ 21.033333333333328, -14.058333333333328 ], [ 21.025, -14.058333333333328 ], [ 21.025, -14.05 ], [ 21.0, -14.05 ], [ 21.0, -14.033333333333328 ], [ 20.983333333333327, -14.033333333333328 ], [ 20.983333333333327, -14.025 ], [ 20.975, -14.025 ], [ 20.975, -14.008333333333328 ], [ 20.966666666666661, -14.008333333333328 ], [ 20.966666666666661, -14.0 ], [ 20.941666666666659, -14.0 ], [ 20.941666666666659, -13.983333333333327 ], [ 20.975, -13.983333333333327 ], [ 20.975, -13.975 ], [ 20.983333333333327, -13.975 ], [ 20.983333333333327, -13.983333333333327 ], [ 21.016666666666659, -13.983333333333327 ], [ 21.016666666666659, -14.0 ], [ 21.041666666666661, -14.0 ], [ 21.041666666666661, -14.008333333333328 ], [ 21.075, -14.008333333333328 ], [ 21.075, -14.0 ], [ 21.083333333333325, -14.0 ], [ 21.083333333333325, -13.991666666666662 ], [ 21.108333333333327, -13.991666666666662 ], [ 21.108333333333327, -13.983333333333327 ], [ 21.15, -13.983333333333327 ], [ 21.15, -13.975 ], [ 21.216666666666661, -13.975 ], [ 21.216666666666661, -13.966666666666661 ], [ 21.258333333333326, -13.966666666666661 ], [ 21.258333333333326, -13.958333333333329 ], [ 21.266666666666659, -13.958333333333329 ], [ 21.266666666666659, -13.941666666666661 ], [ 21.258333333333326, -13.941666666666661 ], [ 21.258333333333326, -13.925 ], [ 21.216666666666661, -13.925 ], [ 21.216666666666661, -13.933333333333328 ], [ 21.191666666666659, -13.933333333333328 ], [ 21.191666666666659, -13.925 ], [ 21.183333333333326, -13.925 ], [ 21.183333333333326, -13.916666666666661 ], [ 21.175, -13.916666666666661 ], [ 21.175, -13.9 ], [ 21.141666666666659, -13.9 ], [ 21.141666666666659, -13.891666666666662 ], [ 21.11666666666666, -13.891666666666662 ], [ 21.11666666666666, -13.883333333333328 ], [ 21.041666666666661, -13.883333333333328 ], [ 21.041666666666661, -13.891666666666662 ], [ 20.99166666666666, -13.891666666666662 ], [ 20.99166666666666, -13.883333333333328 ], [ 20.983333333333327, -13.883333333333328 ], [ 20.983333333333327, -13.875 ], [ 20.975, -13.875 ], [ 20.975, -13.883333333333328 ], [ 20.966666666666661, -13.883333333333328 ], [ 20.966666666666661, -13.891666666666662 ], [ 20.958333333333325, -13.891666666666662 ], [ 20.958333333333325, -13.858333333333327 ], [ 20.966666666666661, -13.858333333333327 ], [ 20.966666666666661, -13.866666666666662 ], [ 20.99166666666666, -13.866666666666662 ], [ 20.99166666666666, -13.858333333333327 ], [ 21.0, -13.858333333333327 ], [ 21.0, -13.866666666666662 ], [ 21.016666666666659, -13.866666666666662 ], [ 21.016666666666659, -13.858333333333327 ], [ 21.033333333333328, -13.858333333333327 ], [ 21.033333333333328, -13.85 ], [ 21.058333333333326, -13.85 ], [ 21.058333333333326, -13.841666666666661 ], [ 21.133333333333326, -13.841666666666661 ], [ 21.133333333333326, -13.833333333333329 ], [ 21.166666666666661, -13.833333333333329 ], [ 21.166666666666661, -13.841666666666661 ], [ 21.183333333333326, -13.841666666666661 ], [ 21.183333333333326, -13.833333333333329 ], [ 21.2, -13.833333333333329 ], [ 21.2, -13.825 ], [ 21.175, -13.825 ], [ 21.175, -13.816666666666661 ], [ 21.158333333333328, -13.816666666666661 ], [ 21.158333333333328, -13.808333333333328 ], [ 21.108333333333327, -13.808333333333328 ], [ 21.108333333333327, -13.8 ], [ 21.1, -13.8 ], [ 21.1, -13.791666666666661 ], [ 21.108333333333327, -13.791666666666661 ], [ 21.108333333333327, -13.775 ], [ 21.125, -13.775 ], [ 21.125, -13.766666666666662 ], [ 21.11666666666666, -13.766666666666662 ], [ 21.11666666666666, -13.75 ], [ 21.108333333333327, -13.75 ], [ 21.108333333333327, -13.741666666666662 ], [ 21.125, -13.741666666666662 ], [ 21.125, -13.75 ], [ 21.141666666666659, -13.75 ], [ 21.141666666666659, -13.758333333333328 ], [ 21.158333333333328, -13.758333333333328 ], [ 21.158333333333328, -13.775 ], [ 21.2, -13.775 ], [ 21.2, -13.766666666666662 ], [ 21.208333333333325, -13.766666666666662 ], [ 21.208333333333325, -13.758333333333328 ], [ 21.216666666666661, -13.758333333333328 ], [ 21.216666666666661, -13.741666666666662 ], [ 21.208333333333325, -13.741666666666662 ], [ 21.208333333333325, -13.725 ], [ 21.2, -13.725 ], [ 21.2, -13.716666666666661 ], [ 21.191666666666659, -13.716666666666661 ], [ 21.191666666666659, -13.708333333333329 ], [ 21.166666666666661, -13.708333333333329 ], [ 21.166666666666661, -13.691666666666661 ], [ 21.183333333333326, -13.691666666666661 ], [ 21.183333333333326, -13.683333333333328 ], [ 21.175, -13.683333333333328 ], [ 21.175, -13.675 ], [ 21.191666666666659, -13.675 ], [ 21.191666666666659, -13.683333333333328 ], [ 21.2, -13.683333333333328 ], [ 21.2, -13.675 ], [ 21.233333333333327, -13.675 ], [ 21.233333333333327, -13.65 ], [ 21.24166666666666, -13.65 ], [ 21.24166666666666, -13.666666666666661 ], [ 21.25, -13.666666666666661 ], [ 21.25, -13.658333333333328 ], [ 21.258333333333326, -13.658333333333328 ], [ 21.258333333333326, -13.666666666666661 ], [ 21.266666666666659, -13.666666666666661 ], [ 21.266666666666659, -13.683333333333328 ], [ 21.275, -13.683333333333328 ], [ 21.275, -13.691666666666661 ], [ 21.291666666666661, -13.691666666666661 ], [ 21.291666666666661, -13.683333333333328 ], [ 21.316666666666659, -13.683333333333328 ], [ 21.316666666666659, -13.691666666666661 ], [ 21.325, -13.691666666666661 ], [ 21.325, -13.683333333333328 ], [ 21.333333333333325, -13.683333333333328 ], [ 21.333333333333325, -13.691666666666661 ], [ 21.358333333333327, -13.691666666666661 ], [ 21.358333333333327, -13.683333333333328 ], [ 21.36666666666666, -13.683333333333328 ], [ 21.36666666666666, -13.675 ], [ 21.375, -13.675 ], [ 21.375, -13.666666666666661 ], [ 21.383333333333326, -13.666666666666661 ], [ 21.383333333333326, -13.658333333333328 ], [ 21.391666666666659, -13.658333333333328 ], [ 21.391666666666659, -13.641666666666662 ], [ 21.383333333333326, -13.641666666666662 ], [ 21.383333333333326, -13.625 ], [ 21.375, -13.625 ], [ 21.375, -13.6 ], [ 21.36666666666666, -13.6 ], [ 21.36666666666666, -13.583333333333329 ], [ 21.35, -13.583333333333329 ], [ 21.35, -13.575 ], [ 21.341666666666661, -13.575 ], [ 21.341666666666661, -13.541666666666661 ], [ 21.325, -13.541666666666661 ], [ 21.325, -13.516666666666662 ], [ 21.333333333333325, -13.516666666666662 ], [ 21.333333333333325, -13.508333333333328 ], [ 21.3, -13.508333333333328 ], [ 21.3, -13.516666666666662 ], [ 21.291666666666661, -13.516666666666662 ], [ 21.291666666666661, -13.508333333333328 ], [ 21.283333333333328, -13.508333333333328 ], [ 21.283333333333328, -13.483333333333327 ], [ 21.291666666666661, -13.483333333333327 ], [ 21.291666666666661, -13.475 ], [ 21.308333333333326, -13.475 ], [ 21.308333333333326, -13.466666666666661 ], [ 21.316666666666659, -13.466666666666661 ], [ 21.316666666666659, -13.45 ], [ 21.308333333333326, -13.45 ], [ 21.308333333333326, -13.441666666666661 ], [ 21.3, -13.441666666666661 ], [ 21.3, -13.433333333333328 ], [ 21.291666666666661, -13.433333333333328 ], [ 21.291666666666661, -13.425 ], [ 21.283333333333328, -13.425 ], [ 21.283333333333328, -13.416666666666661 ], [ 21.275, -13.416666666666661 ], [ 21.275, -13.408333333333328 ], [ 21.266666666666659, -13.408333333333328 ], [ 21.266666666666659, -13.4 ], [ 21.283333333333328, -13.4 ], [ 21.283333333333328, -13.408333333333328 ], [ 21.291666666666661, -13.408333333333328 ], [ 21.291666666666661, -13.416666666666661 ], [ 21.3, -13.416666666666661 ], [ 21.3, -13.425 ], [ 21.308333333333326, -13.425 ], [ 21.308333333333326, -13.416666666666661 ], [ 21.316666666666659, -13.416666666666661 ], [ 21.316666666666659, -13.425 ], [ 21.325, -13.425 ], [ 21.325, -13.433333333333328 ], [ 21.341666666666661, -13.433333333333328 ], [ 21.341666666666661, -13.425 ], [ 21.333333333333325, -13.425 ], [ 21.333333333333325, -13.408333333333328 ], [ 21.341666666666661, -13.408333333333328 ], [ 21.341666666666661, -13.416666666666661 ], [ 21.35, -13.416666666666661 ], [ 21.35, -13.425 ], [ 21.358333333333327, -13.425 ], [ 21.358333333333327, -13.433333333333328 ], [ 21.36666666666666, -13.433333333333328 ], [ 21.36666666666666, -13.45 ], [ 21.391666666666659, -13.45 ], [ 21.391666666666659, -13.441666666666661 ], [ 21.4, -13.441666666666661 ], [ 21.4, -13.45 ], [ 21.408333333333328, -13.45 ], [ 21.408333333333328, -13.441666666666661 ], [ 21.433333333333326, -13.441666666666661 ], [ 21.433333333333326, -13.45 ], [ 21.425, -13.45 ], [ 21.425, -13.458333333333329 ], [ 21.433333333333326, -13.458333333333329 ], [ 21.433333333333326, -13.466666666666661 ], [ 21.458333333333325, -13.466666666666661 ], [ 21.458333333333325, -13.475 ], [ 21.441666666666659, -13.475 ], [ 21.441666666666659, -13.483333333333327 ], [ 21.433333333333326, -13.483333333333327 ], [ 21.433333333333326, -13.491666666666662 ], [ 21.416666666666661, -13.491666666666662 ], [ 21.416666666666661, -13.5 ], [ 21.433333333333326, -13.5 ], [ 21.433333333333326, -13.508333333333328 ], [ 21.441666666666659, -13.508333333333328 ], [ 21.441666666666659, -13.516666666666662 ], [ 21.458333333333325, -13.516666666666662 ], [ 21.458333333333325, -13.508333333333328 ], [ 21.466666666666661, -13.508333333333328 ], [ 21.466666666666661, -13.525 ], [ 21.441666666666659, -13.525 ], [ 21.441666666666659, -13.533333333333328 ], [ 21.433333333333326, -13.533333333333328 ], [ 21.433333333333326, -13.541666666666661 ], [ 21.416666666666661, -13.541666666666661 ], [ 21.416666666666661, -13.558333333333328 ], [ 21.425, -13.558333333333328 ], [ 21.425, -13.583333333333329 ], [ 21.433333333333326, -13.583333333333329 ], [ 21.433333333333326, -13.6 ], [ 21.441666666666659, -13.6 ], [ 21.441666666666659, -13.608333333333327 ], [ 21.45, -13.608333333333327 ], [ 21.45, -13.625 ], [ 21.458333333333325, -13.625 ], [ 21.458333333333325, -13.65 ], [ 21.466666666666661, -13.65 ], [ 21.466666666666661, -13.675 ], [ 21.475, -13.675 ], [ 21.475, -13.683333333333328 ], [ 21.49166666666666, -13.683333333333328 ], [ 21.49166666666666, -13.7 ], [ 21.5, -13.7 ], [ 21.5, -13.708333333333329 ], [ 21.49166666666666, -13.708333333333329 ], [ 21.49166666666666, -13.716666666666661 ], [ 21.5, -13.716666666666661 ], [ 21.5, -13.733333333333327 ], [ 21.516666666666659, -13.733333333333327 ], [ 21.516666666666659, -13.741666666666662 ], [ 21.541666666666661, -13.741666666666662 ], [ 21.541666666666661, -13.75 ], [ 21.558333333333326, -13.75 ], [ 21.558333333333326, -13.758333333333328 ], [ 21.566666666666659, -13.758333333333328 ], [ 21.566666666666659, -13.766666666666662 ], [ 21.575, -13.766666666666662 ], [ 21.575, -13.775 ], [ 21.583333333333325, -13.775 ], [ 21.583333333333325, -13.783333333333328 ], [ 21.591666666666661, -13.783333333333328 ], [ 21.591666666666661, -13.775 ], [ 21.6, -13.775 ], [ 21.6, -13.766666666666662 ], [ 21.61666666666666, -13.766666666666662 ], [ 21.61666666666666, -13.758333333333328 ], [ 21.658333333333328, -13.758333333333328 ], [ 21.658333333333328, -13.783333333333328 ], [ 21.675, -13.783333333333328 ] ], [ [ 21.641666666666659, -13.783333333333328 ], [ 21.641666666666659, -13.791666666666661 ], [ 21.658333333333328, -13.791666666666661 ], [ 21.658333333333328, -13.783333333333328 ], [ 21.641666666666659, -13.783333333333328 ] ], [ [ 21.391666666666659, -13.741666666666662 ], [ 21.408333333333328, -13.741666666666662 ], [ 21.408333333333328, -13.733333333333327 ], [ 21.391666666666659, -13.733333333333327 ], [ 21.391666666666659, -13.741666666666662 ] ], [ [ 21.316666666666659, -13.8 ], [ 21.3, -13.8 ], [ 21.3, -13.816666666666661 ], [ 21.291666666666661, -13.816666666666661 ], [ 21.291666666666661, -13.825 ], [ 21.3, -13.825 ], [ 21.3, -13.833333333333329 ], [ 21.325, -13.833333333333329 ], [ 21.325, -13.825 ], [ 21.333333333333325, -13.825 ], [ 21.333333333333325, -13.816666666666661 ], [ 21.341666666666661, -13.816666666666661 ], [ 21.341666666666661, -13.8 ], [ 21.333333333333325, -13.8 ], [ 21.333333333333325, -13.791666666666661 ], [ 21.316666666666659, -13.791666666666661 ], [ 21.316666666666659, -13.8 ] ], [ [ 21.508333333333326, -13.883333333333328 ], [ 21.516666666666659, -13.883333333333328 ], [ 21.516666666666659, -13.875 ], [ 21.508333333333326, -13.875 ], [ 21.508333333333326, -13.883333333333328 ] ] ], [ [ [ 19.6, -11.683333333333328 ], [ 19.6, -11.675 ], [ 19.591666666666661, -11.675 ], [ 19.591666666666661, -11.666666666666663 ], [ 19.583333333333325, -11.666666666666663 ], [ 19.583333333333325, -11.65833333333333 ], [ 19.608333333333327, -11.65833333333333 ], [ 19.608333333333327, -11.633333333333329 ], [ 19.575, -11.633333333333329 ], [ 19.575, -11.625 ], [ 19.591666666666661, -11.625 ], [ 19.591666666666661, -11.616666666666662 ], [ 19.6, -11.616666666666662 ], [ 19.6, -11.625 ], [ 19.61666666666666, -11.625 ], [ 19.61666666666666, -11.608333333333329 ], [ 19.625, -11.608333333333329 ], [ 19.625, -11.591666666666661 ], [ 19.608333333333327, -11.591666666666661 ], [ 19.608333333333327, -11.583333333333329 ], [ 19.633333333333326, -11.583333333333329 ], [ 19.633333333333326, -11.608333333333329 ], [ 19.641666666666659, -11.608333333333329 ], [ 19.641666666666659, -11.616666666666662 ], [ 19.65, -11.616666666666662 ], [ 19.65, -11.608333333333329 ], [ 19.658333333333328, -11.608333333333329 ], [ 19.658333333333328, -11.6 ], [ 19.666666666666661, -11.6 ], [ 19.666666666666661, -11.591666666666661 ], [ 19.675, -11.591666666666661 ], [ 19.675, -11.583333333333329 ], [ 19.666666666666661, -11.583333333333329 ], [ 19.666666666666661, -11.558333333333328 ], [ 19.658333333333328, -11.558333333333328 ], [ 19.658333333333328, -11.55 ], [ 19.633333333333326, -11.55 ], [ 19.633333333333326, -11.541666666666663 ], [ 19.625, -11.541666666666663 ], [ 19.625, -11.53333333333333 ], [ 19.61666666666666, -11.53333333333333 ], [ 19.61666666666666, -11.525 ], [ 19.6, -11.525 ], [ 19.6, -11.516666666666662 ], [ 19.591666666666661, -11.516666666666662 ], [ 19.591666666666661, -11.508333333333329 ], [ 19.608333333333327, -11.508333333333329 ], [ 19.608333333333327, -11.5 ], [ 19.61666666666666, -11.5 ], [ 19.61666666666666, -11.516666666666662 ], [ 19.625, -11.516666666666662 ], [ 19.625, -11.508333333333329 ], [ 19.633333333333326, -11.508333333333329 ], [ 19.633333333333326, -11.516666666666662 ], [ 19.65, -11.516666666666662 ], [ 19.65, -11.5 ], [ 19.658333333333328, -11.5 ], [ 19.658333333333328, -11.483333333333329 ], [ 19.666666666666661, -11.483333333333329 ], [ 19.666666666666661, -11.475 ], [ 19.658333333333328, -11.475 ], [ 19.658333333333328, -11.45 ], [ 19.666666666666661, -11.45 ], [ 19.666666666666661, -11.466666666666661 ], [ 19.675, -11.466666666666661 ], [ 19.675, -11.475 ], [ 19.691666666666659, -11.475 ], [ 19.691666666666659, -11.5 ], [ 19.7, -11.5 ], [ 19.7, -11.491666666666662 ], [ 19.716666666666661, -11.491666666666662 ], [ 19.716666666666661, -11.483333333333329 ], [ 19.708333333333325, -11.483333333333329 ], [ 19.708333333333325, -11.475 ], [ 19.7, -11.475 ], [ 19.7, -11.466666666666661 ], [ 19.683333333333326, -11.466666666666661 ], [ 19.683333333333326, -11.458333333333329 ], [ 19.675, -11.458333333333329 ], [ 19.675, -11.441666666666663 ], [ 19.683333333333326, -11.441666666666663 ], [ 19.683333333333326, -11.433333333333328 ], [ 19.7, -11.433333333333328 ], [ 19.7, -11.441666666666663 ], [ 19.725, -11.441666666666663 ], [ 19.725, -11.425 ], [ 19.733333333333327, -11.425 ], [ 19.733333333333327, -11.416666666666663 ], [ 19.725, -11.416666666666663 ], [ 19.725, -11.40833333333333 ], [ 19.708333333333325, -11.40833333333333 ], [ 19.708333333333325, -11.4 ], [ 19.716666666666661, -11.4 ], [ 19.716666666666661, -11.391666666666662 ], [ 19.733333333333327, -11.391666666666662 ], [ 19.733333333333327, -11.4 ], [ 19.766666666666659, -11.4 ], [ 19.766666666666659, -11.391666666666662 ], [ 19.775, -11.391666666666662 ], [ 19.775, -11.375 ], [ 19.783333333333328, -11.375 ], [ 19.783333333333328, -11.366666666666662 ], [ 19.8, -11.366666666666662 ], [ 19.8, -11.358333333333329 ], [ 19.816666666666659, -11.358333333333329 ], [ 19.816666666666659, -11.333333333333329 ], [ 19.808333333333326, -11.333333333333329 ], [ 19.808333333333326, -11.325 ], [ 19.816666666666659, -11.325 ], [ 19.816666666666659, -11.316666666666663 ], [ 19.808333333333326, -11.316666666666663 ], [ 19.808333333333326, -11.291666666666663 ], [ 19.816666666666659, -11.291666666666663 ], [ 19.816666666666659, -11.308333333333328 ], [ 19.825, -11.308333333333328 ], [ 19.825, -11.316666666666663 ], [ 19.833333333333325, -11.316666666666663 ], [ 19.833333333333325, -11.325 ], [ 19.841666666666661, -11.325 ], [ 19.841666666666661, -11.333333333333329 ], [ 19.85, -11.333333333333329 ], [ 19.85, -11.35 ], [ 19.858333333333327, -11.35 ], [ 19.858333333333327, -11.366666666666662 ], [ 19.875, -11.366666666666662 ], [ 19.875, -11.375 ], [ 19.9, -11.375 ], [ 19.9, -11.35 ], [ 19.908333333333328, -11.35 ], [ 19.908333333333328, -11.333333333333329 ], [ 19.9, -11.333333333333329 ], [ 19.9, -11.291666666666663 ], [ 19.908333333333328, -11.291666666666663 ], [ 19.908333333333328, -11.28333333333333 ], [ 19.916666666666661, -11.28333333333333 ], [ 19.916666666666661, -11.275 ], [ 19.941666666666659, -11.275 ], [ 19.941666666666659, -11.28333333333333 ], [ 19.95, -11.28333333333333 ], [ 19.95, -11.308333333333328 ], [ 19.975, -11.308333333333328 ], [ 19.975, -11.3 ], [ 20.025, -11.3 ], [ 20.025, -11.275 ], [ 20.033333333333328, -11.275 ], [ 20.033333333333328, -11.258333333333329 ], [ 20.041666666666661, -11.258333333333329 ], [ 20.041666666666661, -11.25 ], [ 20.066666666666659, -11.25 ], [ 20.066666666666659, -11.241666666666662 ], [ 20.083333333333325, -11.241666666666662 ], [ 20.083333333333325, -11.233333333333329 ], [ 20.091666666666661, -11.233333333333329 ], [ 20.091666666666661, -11.216666666666663 ], [ 20.1, -11.216666666666663 ], [ 20.1, -11.208333333333329 ], [ 20.11666666666666, -11.208333333333329 ], [ 20.11666666666666, -11.2 ], [ 20.25, -11.2 ], [ 20.25, -11.208333333333329 ], [ 20.283333333333328, -11.208333333333329 ], [ 20.283333333333328, -11.216666666666663 ], [ 20.291666666666661, -11.216666666666663 ], [ 20.291666666666661, -11.225 ], [ 20.3, -11.225 ], [ 20.3, -11.233333333333329 ], [ 20.316666666666659, -11.233333333333329 ], [ 20.316666666666659, -11.241666666666662 ], [ 20.333333333333325, -11.241666666666662 ], [ 20.333333333333325, -11.258333333333329 ], [ 20.341666666666661, -11.258333333333329 ], [ 20.341666666666661, -11.266666666666662 ], [ 20.358333333333327, -11.266666666666662 ], [ 20.358333333333327, -11.258333333333329 ], [ 20.375, -11.258333333333329 ], [ 20.375, -11.25 ], [ 20.416666666666661, -11.25 ], [ 20.416666666666661, -11.258333333333329 ], [ 20.441666666666659, -11.258333333333329 ], [ 20.441666666666659, -11.266666666666662 ], [ 20.458333333333325, -11.266666666666662 ], [ 20.458333333333325, -11.275 ], [ 20.466666666666661, -11.275 ], [ 20.466666666666661, -11.291666666666663 ], [ 20.475, -11.291666666666663 ], [ 20.475, -11.308333333333328 ], [ 20.483333333333327, -11.308333333333328 ], [ 20.483333333333327, -11.316666666666663 ], [ 20.49166666666666, -11.316666666666663 ], [ 20.49166666666666, -11.325 ], [ 20.525, -11.325 ], [ 20.525, -11.333333333333329 ], [ 20.558333333333326, -11.333333333333329 ], [ 20.558333333333326, -11.341666666666661 ], [ 20.566666666666659, -11.341666666666661 ], [ 20.566666666666659, -11.358333333333329 ], [ 20.558333333333326, -11.358333333333329 ], [ 20.558333333333326, -11.366666666666662 ], [ 20.583333333333325, -11.366666666666662 ], [ 20.583333333333325, -11.375 ], [ 20.6, -11.375 ], [ 20.6, -11.383333333333329 ], [ 20.608333333333327, -11.383333333333329 ], [ 20.608333333333327, -11.4 ], [ 20.61666666666666, -11.4 ], [ 20.61666666666666, -11.40833333333333 ], [ 20.625, -11.40833333333333 ], [ 20.625, -11.416666666666663 ], [ 20.641666666666659, -11.416666666666663 ], [ 20.641666666666659, -11.425 ], [ 20.65, -11.425 ], [ 20.65, -11.433333333333328 ], [ 20.658333333333328, -11.433333333333328 ], [ 20.658333333333328, -11.441666666666663 ], [ 20.666666666666661, -11.441666666666663 ], [ 20.666666666666661, -11.45 ], [ 20.683333333333326, -11.45 ], [ 20.683333333333326, -11.458333333333329 ], [ 20.691666666666659, -11.458333333333329 ], [ 20.691666666666659, -11.475 ], [ 20.7, -11.475 ], [ 20.7, -11.491666666666662 ], [ 20.691666666666659, -11.491666666666662 ], [ 20.691666666666659, -11.5 ], [ 20.683333333333326, -11.5 ], [ 20.683333333333326, -11.508333333333329 ], [ 20.691666666666659, -11.508333333333329 ], [ 20.691666666666659, -11.516666666666662 ], [ 20.7, -11.516666666666662 ], [ 20.7, -11.525 ], [ 20.691666666666659, -11.525 ], [ 20.691666666666659, -11.541666666666663 ], [ 20.708333333333325, -11.541666666666663 ], [ 20.708333333333325, -11.55 ], [ 20.716666666666661, -11.55 ], [ 20.716666666666661, -11.558333333333328 ], [ 20.733333333333327, -11.558333333333328 ], [ 20.733333333333327, -11.566666666666663 ], [ 20.74166666666666, -11.566666666666663 ], [ 20.74166666666666, -11.558333333333328 ], [ 20.758333333333326, -11.558333333333328 ], [ 20.758333333333326, -11.575 ], [ 20.74166666666666, -11.575 ], [ 20.74166666666666, -11.6 ], [ 20.733333333333327, -11.6 ], [ 20.733333333333327, -11.583333333333329 ], [ 20.725, -11.583333333333329 ], [ 20.725, -11.591666666666661 ], [ 20.7, -11.591666666666661 ], [ 20.7, -11.6 ], [ 20.675, -11.6 ], [ 20.675, -11.625 ], [ 20.691666666666659, -11.625 ], [ 20.691666666666659, -11.633333333333329 ], [ 20.716666666666661, -11.633333333333329 ], [ 20.716666666666661, -11.616666666666662 ], [ 20.733333333333327, -11.616666666666662 ], [ 20.733333333333327, -11.625 ], [ 20.725, -11.625 ], [ 20.725, -11.641666666666662 ], [ 20.716666666666661, -11.641666666666662 ], [ 20.716666666666661, -11.666666666666663 ], [ 20.725, -11.666666666666663 ], [ 20.725, -11.683333333333328 ], [ 20.74166666666666, -11.683333333333328 ], [ 20.74166666666666, -11.7 ], [ 20.725, -11.7 ], [ 20.725, -11.691666666666663 ], [ 20.691666666666659, -11.691666666666663 ], [ 20.691666666666659, -11.7 ], [ 20.666666666666661, -11.7 ], [ 20.666666666666661, -11.708333333333329 ], [ 20.658333333333328, -11.708333333333329 ], [ 20.658333333333328, -11.716666666666661 ], [ 20.65, -11.716666666666661 ], [ 20.65, -11.75 ], [ 20.641666666666659, -11.75 ], [ 20.641666666666659, -11.733333333333329 ], [ 20.625, -11.733333333333329 ], [ 20.625, -11.725 ], [ 20.633333333333326, -11.725 ], [ 20.633333333333326, -11.7 ], [ 20.641666666666659, -11.7 ], [ 20.641666666666659, -11.691666666666663 ], [ 20.633333333333326, -11.691666666666663 ], [ 20.633333333333326, -11.683333333333328 ], [ 20.625, -11.683333333333328 ], [ 20.625, -11.691666666666663 ], [ 20.61666666666666, -11.691666666666663 ], [ 20.61666666666666, -11.7 ], [ 20.608333333333327, -11.7 ], [ 20.608333333333327, -11.708333333333329 ], [ 20.583333333333325, -11.708333333333329 ], [ 20.583333333333325, -11.716666666666661 ], [ 20.575, -11.716666666666661 ], [ 20.575, -11.725 ], [ 20.583333333333325, -11.725 ], [ 20.583333333333325, -11.733333333333329 ], [ 20.61666666666666, -11.733333333333329 ], [ 20.61666666666666, -11.741666666666662 ], [ 20.625, -11.741666666666662 ], [ 20.625, -11.75 ], [ 20.61666666666666, -11.75 ], [ 20.61666666666666, -11.758333333333329 ], [ 20.583333333333325, -11.758333333333329 ], [ 20.583333333333325, -11.775 ], [ 20.575, -11.775 ], [ 20.575, -11.8 ], [ 20.608333333333327, -11.8 ], [ 20.608333333333327, -11.808333333333328 ], [ 20.575, -11.808333333333328 ], [ 20.575, -11.816666666666663 ], [ 20.541666666666661, -11.816666666666663 ], [ 20.541666666666661, -11.808333333333328 ], [ 20.5, -11.808333333333328 ], [ 20.5, -11.833333333333329 ], [ 20.475, -11.833333333333329 ], [ 20.475, -11.825 ], [ 20.466666666666661, -11.825 ], [ 20.466666666666661, -11.866666666666662 ], [ 20.475, -11.866666666666662 ], [ 20.475, -11.875 ], [ 20.483333333333327, -11.875 ], [ 20.483333333333327, -11.891666666666662 ], [ 20.49166666666666, -11.891666666666662 ], [ 20.49166666666666, -11.9 ], [ 20.5, -11.9 ], [ 20.5, -11.908333333333328 ], [ 20.516666666666659, -11.908333333333328 ], [ 20.516666666666659, -11.916666666666663 ], [ 20.533333333333328, -11.916666666666663 ], [ 20.533333333333328, -11.925 ], [ 20.508333333333326, -11.925 ], [ 20.508333333333326, -11.916666666666663 ], [ 20.5, -11.916666666666663 ], [ 20.5, -11.925 ], [ 20.49166666666666, -11.925 ], [ 20.49166666666666, -11.933333333333328 ], [ 20.5, -11.933333333333328 ], [ 20.5, -11.941666666666663 ], [ 20.508333333333326, -11.941666666666663 ], [ 20.508333333333326, -11.95 ], [ 20.525, -11.95 ], [ 20.525, -11.958333333333329 ], [ 20.5, -11.958333333333329 ], [ 20.5, -11.95 ], [ 20.49166666666666, -11.95 ], [ 20.49166666666666, -11.958333333333329 ], [ 20.458333333333325, -11.958333333333329 ], [ 20.458333333333325, -11.966666666666661 ], [ 20.466666666666661, -11.966666666666661 ], [ 20.466666666666661, -11.975 ], [ 20.458333333333325, -11.975 ], [ 20.458333333333325, -11.983333333333329 ], [ 20.45, -11.983333333333329 ], [ 20.45, -12.016666666666662 ], [ 20.433333333333326, -12.016666666666662 ], [ 20.433333333333326, -12.025 ], [ 20.425, -12.025 ], [ 20.425, -12.033333333333328 ], [ 20.433333333333326, -12.033333333333328 ], [ 20.433333333333326, -12.041666666666663 ], [ 20.466666666666661, -12.041666666666663 ], [ 20.466666666666661, -12.05 ], [ 20.425, -12.05 ], [ 20.425, -12.058333333333328 ], [ 20.408333333333328, -12.058333333333328 ], [ 20.408333333333328, -12.066666666666663 ], [ 20.416666666666661, -12.066666666666663 ], [ 20.416666666666661, -12.075 ], [ 20.425, -12.075 ], [ 20.425, -12.083333333333329 ], [ 20.433333333333326, -12.083333333333329 ], [ 20.433333333333326, -12.075 ], [ 20.458333333333325, -12.075 ], [ 20.458333333333325, -12.066666666666663 ], [ 20.475, -12.066666666666663 ], [ 20.475, -12.075 ], [ 20.466666666666661, -12.075 ], [ 20.466666666666661, -12.108333333333329 ], [ 20.475, -12.108333333333329 ], [ 20.475, -12.116666666666662 ], [ 20.466666666666661, -12.116666666666662 ], [ 20.466666666666661, -12.133333333333329 ], [ 20.475, -12.133333333333329 ], [ 20.475, -12.141666666666662 ], [ 20.458333333333325, -12.141666666666662 ], [ 20.458333333333325, -12.158333333333328 ], [ 20.45, -12.158333333333328 ], [ 20.45, -12.15 ], [ 20.441666666666659, -12.15 ], [ 20.441666666666659, -12.141666666666662 ], [ 20.416666666666661, -12.141666666666662 ], [ 20.416666666666661, -12.15 ], [ 20.408333333333328, -12.15 ], [ 20.408333333333328, -12.158333333333328 ], [ 20.4, -12.158333333333328 ], [ 20.4, -12.166666666666663 ], [ 20.391666666666659, -12.166666666666663 ], [ 20.391666666666659, -12.175 ], [ 20.383333333333326, -12.175 ], [ 20.383333333333326, -12.183333333333328 ], [ 20.4, -12.183333333333328 ], [ 20.4, -12.191666666666663 ], [ 20.416666666666661, -12.191666666666663 ], [ 20.416666666666661, -12.183333333333328 ], [ 20.433333333333326, -12.183333333333328 ], [ 20.433333333333326, -12.191666666666663 ], [ 20.441666666666659, -12.191666666666663 ], [ 20.441666666666659, -12.2 ], [ 20.433333333333326, -12.2 ], [ 20.433333333333326, -12.216666666666661 ], [ 20.441666666666659, -12.216666666666661 ], [ 20.441666666666659, -12.233333333333329 ], [ 20.458333333333325, -12.233333333333329 ], [ 20.458333333333325, -12.241666666666662 ], [ 20.466666666666661, -12.241666666666662 ], [ 20.466666666666661, -12.258333333333329 ], [ 20.45, -12.258333333333329 ], [ 20.45, -12.283333333333328 ], [ 20.458333333333325, -12.283333333333328 ], [ 20.458333333333325, -12.3 ], [ 20.466666666666661, -12.3 ], [ 20.466666666666661, -12.308333333333328 ], [ 20.483333333333327, -12.308333333333328 ], [ 20.483333333333327, -12.316666666666663 ], [ 20.466666666666661, -12.316666666666663 ], [ 20.466666666666661, -12.325 ], [ 20.45, -12.325 ], [ 20.45, -12.316666666666663 ], [ 20.441666666666659, -12.316666666666663 ], [ 20.441666666666659, -12.325 ], [ 20.433333333333326, -12.325 ], [ 20.433333333333326, -12.291666666666663 ], [ 20.416666666666661, -12.291666666666663 ], [ 20.416666666666661, -12.283333333333328 ], [ 20.4, -12.283333333333328 ], [ 20.4, -12.291666666666663 ], [ 20.391666666666659, -12.291666666666663 ], [ 20.391666666666659, -12.283333333333328 ], [ 20.383333333333326, -12.283333333333328 ], [ 20.383333333333326, -12.275 ], [ 20.375, -12.275 ], [ 20.375, -12.266666666666662 ], [ 20.358333333333327, -12.266666666666662 ], [ 20.358333333333327, -12.275 ], [ 20.35, -12.275 ], [ 20.35, -12.291666666666663 ], [ 20.333333333333325, -12.291666666666663 ], [ 20.333333333333325, -12.283333333333328 ], [ 20.341666666666661, -12.283333333333328 ], [ 20.341666666666661, -12.275 ], [ 20.325, -12.275 ], [ 20.325, -12.283333333333328 ], [ 20.308333333333326, -12.283333333333328 ], [ 20.308333333333326, -12.291666666666663 ], [ 20.3, -12.291666666666663 ], [ 20.3, -12.283333333333328 ], [ 20.291666666666661, -12.283333333333328 ], [ 20.291666666666661, -12.266666666666662 ], [ 20.3, -12.266666666666662 ], [ 20.3, -12.258333333333329 ], [ 20.308333333333326, -12.258333333333329 ], [ 20.308333333333326, -12.25 ], [ 20.3, -12.25 ], [ 20.3, -12.241666666666662 ], [ 20.308333333333326, -12.241666666666662 ], [ 20.308333333333326, -12.233333333333329 ], [ 20.291666666666661, -12.233333333333329 ], [ 20.291666666666661, -12.225 ], [ 20.258333333333326, -12.225 ], [ 20.258333333333326, -12.208333333333329 ], [ 20.24166666666666, -12.208333333333329 ], [ 20.24166666666666, -12.2 ], [ 20.233333333333327, -12.2 ], [ 20.233333333333327, -12.191666666666663 ], [ 20.216666666666661, -12.191666666666663 ], [ 20.216666666666661, -12.2 ], [ 20.2, -12.2 ], [ 20.2, -12.208333333333329 ], [ 20.175, -12.208333333333329 ], [ 20.175, -12.2 ], [ 20.158333333333328, -12.2 ], [ 20.158333333333328, -12.158333333333328 ], [ 20.15, -12.158333333333328 ], [ 20.15, -12.166666666666663 ], [ 20.141666666666659, -12.166666666666663 ], [ 20.141666666666659, -12.158333333333328 ], [ 20.133333333333326, -12.158333333333328 ], [ 20.133333333333326, -12.166666666666663 ], [ 20.125, -12.166666666666663 ], [ 20.125, -12.208333333333329 ], [ 20.11666666666666, -12.208333333333329 ], [ 20.11666666666666, -12.216666666666661 ], [ 20.108333333333327, -12.216666666666661 ], [ 20.108333333333327, -12.225 ], [ 20.11666666666666, -12.225 ], [ 20.11666666666666, -12.233333333333329 ], [ 20.108333333333327, -12.233333333333329 ], [ 20.108333333333327, -12.241666666666662 ], [ 20.11666666666666, -12.241666666666662 ], [ 20.11666666666666, -12.258333333333329 ], [ 20.108333333333327, -12.258333333333329 ], [ 20.108333333333327, -12.25 ], [ 20.091666666666661, -12.25 ], [ 20.091666666666661, -12.258333333333329 ], [ 20.1, -12.258333333333329 ], [ 20.1, -12.266666666666662 ], [ 20.083333333333325, -12.266666666666662 ], [ 20.083333333333325, -12.25 ], [ 20.075, -12.25 ], [ 20.075, -12.241666666666662 ], [ 20.066666666666659, -12.241666666666662 ], [ 20.066666666666659, -12.233333333333329 ], [ 20.033333333333328, -12.233333333333329 ], [ 20.033333333333328, -12.25 ], [ 20.016666666666659, -12.25 ], [ 20.016666666666659, -12.275 ], [ 20.008333333333326, -12.275 ], [ 20.008333333333326, -12.25 ], [ 20.0, -12.25 ], [ 20.0, -12.233333333333329 ], [ 20.008333333333326, -12.233333333333329 ], [ 20.008333333333326, -12.208333333333329 ], [ 19.99166666666666, -12.208333333333329 ], [ 19.99166666666666, -12.216666666666661 ], [ 20.0, -12.216666666666661 ], [ 20.0, -12.225 ], [ 19.99166666666666, -12.225 ], [ 19.99166666666666, -12.233333333333329 ], [ 19.983333333333327, -12.233333333333329 ], [ 19.983333333333327, -12.225 ], [ 19.975, -12.225 ], [ 19.975, -12.233333333333329 ], [ 19.966666666666661, -12.233333333333329 ], [ 19.966666666666661, -12.258333333333329 ], [ 19.983333333333327, -12.258333333333329 ], [ 19.983333333333327, -12.275 ], [ 19.975, -12.275 ], [ 19.975, -12.3 ], [ 19.983333333333327, -12.3 ], [ 19.983333333333327, -12.308333333333328 ], [ 19.966666666666661, -12.308333333333328 ], [ 19.966666666666661, -12.291666666666663 ], [ 19.95, -12.291666666666663 ], [ 19.95, -12.283333333333328 ], [ 19.941666666666659, -12.283333333333328 ], [ 19.941666666666659, -12.275 ], [ 19.933333333333326, -12.275 ], [ 19.933333333333326, -12.283333333333328 ], [ 19.925, -12.283333333333328 ], [ 19.925, -12.291666666666663 ], [ 19.916666666666661, -12.291666666666663 ], [ 19.916666666666661, -12.233333333333329 ], [ 19.9, -12.233333333333329 ], [ 19.9, -12.208333333333329 ], [ 19.891666666666659, -12.208333333333329 ], [ 19.891666666666659, -12.191666666666663 ], [ 19.883333333333326, -12.191666666666663 ], [ 19.883333333333326, -12.2 ], [ 19.875, -12.2 ], [ 19.875, -12.208333333333329 ], [ 19.858333333333327, -12.208333333333329 ], [ 19.858333333333327, -12.258333333333329 ], [ 19.85, -12.258333333333329 ], [ 19.85, -12.266666666666662 ], [ 19.841666666666661, -12.266666666666662 ], [ 19.841666666666661, -12.258333333333329 ], [ 19.816666666666659, -12.258333333333329 ], [ 19.816666666666659, -12.266666666666662 ], [ 19.8, -12.266666666666662 ], [ 19.8, -12.275 ], [ 19.808333333333326, -12.275 ], [ 19.808333333333326, -12.283333333333328 ], [ 19.816666666666659, -12.283333333333328 ], [ 19.816666666666659, -12.291666666666663 ], [ 19.791666666666661, -12.291666666666663 ], [ 19.791666666666661, -12.3 ], [ 19.75, -12.3 ], [ 19.75, -12.308333333333328 ], [ 19.74166666666666, -12.308333333333328 ], [ 19.74166666666666, -12.283333333333328 ], [ 19.733333333333327, -12.283333333333328 ], [ 19.733333333333327, -12.266666666666662 ], [ 19.725, -12.266666666666662 ], [ 19.725, -12.258333333333329 ], [ 19.708333333333325, -12.258333333333329 ], [ 19.708333333333325, -12.25 ], [ 19.683333333333326, -12.25 ], [ 19.683333333333326, -12.258333333333329 ], [ 19.675, -12.258333333333329 ], [ 19.675, -12.266666666666662 ], [ 19.658333333333328, -12.266666666666662 ], [ 19.658333333333328, -12.341666666666661 ], [ 19.666666666666661, -12.341666666666661 ], [ 19.666666666666661, -12.35 ], [ 19.658333333333328, -12.35 ], [ 19.658333333333328, -12.358333333333329 ], [ 19.65, -12.358333333333329 ], [ 19.65, -12.35 ], [ 19.641666666666659, -12.35 ], [ 19.641666666666659, -12.333333333333329 ], [ 19.65, -12.333333333333329 ], [ 19.65, -12.308333333333328 ], [ 19.641666666666659, -12.308333333333328 ], [ 19.641666666666659, -12.316666666666663 ], [ 19.633333333333326, -12.316666666666663 ], [ 19.633333333333326, -12.325 ], [ 19.625, -12.325 ], [ 19.625, -12.308333333333328 ], [ 19.633333333333326, -12.308333333333328 ], [ 19.633333333333326, -12.3 ], [ 19.61666666666666, -12.3 ], [ 19.61666666666666, -12.283333333333328 ], [ 19.625, -12.283333333333328 ], [ 19.625, -12.275 ], [ 19.633333333333326, -12.275 ], [ 19.633333333333326, -12.258333333333329 ], [ 19.61666666666666, -12.258333333333329 ], [ 19.61666666666666, -12.266666666666662 ], [ 19.608333333333327, -12.266666666666662 ], [ 19.608333333333327, -12.25 ], [ 19.61666666666666, -12.25 ], [ 19.61666666666666, -12.225 ], [ 19.608333333333327, -12.225 ], [ 19.608333333333327, -12.183333333333328 ], [ 19.591666666666661, -12.183333333333328 ], [ 19.591666666666661, -12.166666666666663 ], [ 19.583333333333325, -12.166666666666663 ], [ 19.583333333333325, -12.15 ], [ 19.558333333333326, -12.15 ], [ 19.558333333333326, -12.158333333333328 ], [ 19.55, -12.158333333333328 ], [ 19.55, -12.141666666666662 ], [ 19.575, -12.141666666666662 ], [ 19.575, -12.133333333333329 ], [ 19.566666666666659, -12.133333333333329 ], [ 19.566666666666659, -12.1 ], [ 19.533333333333328, -12.1 ], [ 19.533333333333328, -12.066666666666663 ], [ 19.525, -12.066666666666663 ], [ 19.525, -12.058333333333328 ], [ 19.516666666666659, -12.058333333333328 ], [ 19.516666666666659, -12.066666666666663 ], [ 19.508333333333326, -12.066666666666663 ], [ 19.508333333333326, -12.075 ], [ 19.49166666666666, -12.075 ], [ 19.49166666666666, -12.066666666666663 ], [ 19.5, -12.066666666666663 ], [ 19.5, -12.058333333333328 ], [ 19.508333333333326, -12.058333333333328 ], [ 19.508333333333326, -12.05 ], [ 19.5, -12.05 ], [ 19.5, -12.041666666666663 ], [ 19.49166666666666, -12.041666666666663 ], [ 19.49166666666666, -12.05 ], [ 19.483333333333327, -12.05 ], [ 19.483333333333327, -12.041666666666663 ], [ 19.466666666666661, -12.041666666666663 ], [ 19.466666666666661, -12.025 ], [ 19.458333333333325, -12.025 ], [ 19.458333333333325, -12.033333333333328 ], [ 19.441666666666659, -12.033333333333328 ], [ 19.441666666666659, -12.041666666666663 ], [ 19.433333333333326, -12.041666666666663 ], [ 19.433333333333326, -12.016666666666662 ], [ 19.441666666666659, -12.016666666666662 ], [ 19.441666666666659, -11.991666666666662 ], [ 19.4, -11.991666666666662 ], [ 19.4, -12.0 ], [ 19.391666666666659, -12.0 ], [ 19.391666666666659, -12.008333333333329 ], [ 19.383333333333326, -12.008333333333329 ], [ 19.383333333333326, -11.991666666666662 ], [ 19.391666666666659, -11.991666666666662 ], [ 19.391666666666659, -11.983333333333329 ], [ 19.383333333333326, -11.983333333333329 ], [ 19.383333333333326, -11.975 ], [ 19.375, -11.975 ], [ 19.375, -11.958333333333329 ], [ 19.35, -11.958333333333329 ], [ 19.35, -11.95 ], [ 19.341666666666661, -11.95 ], [ 19.341666666666661, -11.966666666666661 ], [ 19.316666666666659, -11.966666666666661 ], [ 19.316666666666659, -11.983333333333329 ], [ 19.291666666666661, -11.983333333333329 ], [ 19.291666666666661, -11.975 ], [ 19.283333333333328, -11.975 ], [ 19.283333333333328, -11.966666666666661 ], [ 19.266666666666659, -11.966666666666661 ], [ 19.266666666666659, -11.958333333333329 ], [ 19.25, -11.958333333333329 ], [ 19.25, -11.966666666666661 ], [ 19.233333333333327, -11.966666666666661 ], [ 19.233333333333327, -11.975 ], [ 19.2, -11.975 ], [ 19.2, -11.958333333333329 ], [ 19.191666666666659, -11.958333333333329 ], [ 19.191666666666659, -11.941666666666663 ], [ 19.233333333333327, -11.941666666666663 ], [ 19.233333333333327, -11.933333333333328 ], [ 19.24166666666666, -11.933333333333328 ], [ 19.24166666666666, -11.925 ], [ 19.25, -11.925 ], [ 19.25, -11.916666666666663 ], [ 19.266666666666659, -11.916666666666663 ], [ 19.266666666666659, -11.9 ], [ 19.275, -11.9 ], [ 19.275, -11.891666666666662 ], [ 19.283333333333328, -11.891666666666662 ], [ 19.283333333333328, -11.883333333333329 ], [ 19.275, -11.883333333333329 ], [ 19.275, -11.866666666666662 ], [ 19.283333333333328, -11.866666666666662 ], [ 19.283333333333328, -11.875 ], [ 19.291666666666661, -11.875 ], [ 19.291666666666661, -11.883333333333329 ], [ 19.308333333333326, -11.883333333333329 ], [ 19.308333333333326, -11.891666666666662 ], [ 19.316666666666659, -11.891666666666662 ], [ 19.316666666666659, -11.883333333333329 ], [ 19.325, -11.883333333333329 ], [ 19.325, -11.875 ], [ 19.341666666666661, -11.875 ], [ 19.341666666666661, -11.858333333333329 ], [ 19.35, -11.858333333333329 ], [ 19.35, -11.85 ], [ 19.333333333333325, -11.85 ], [ 19.333333333333325, -11.841666666666661 ], [ 19.358333333333327, -11.841666666666661 ], [ 19.358333333333327, -11.833333333333329 ], [ 19.36666666666666, -11.833333333333329 ], [ 19.36666666666666, -11.85 ], [ 19.383333333333326, -11.85 ], [ 19.383333333333326, -11.858333333333329 ], [ 19.375, -11.858333333333329 ], [ 19.375, -11.866666666666662 ], [ 19.391666666666659, -11.866666666666662 ], [ 19.391666666666659, -11.858333333333329 ], [ 19.408333333333328, -11.858333333333329 ], [ 19.408333333333328, -11.85 ], [ 19.416666666666661, -11.85 ], [ 19.416666666666661, -11.841666666666661 ], [ 19.425, -11.841666666666661 ], [ 19.425, -11.833333333333329 ], [ 19.433333333333326, -11.833333333333329 ], [ 19.433333333333326, -11.841666666666661 ], [ 19.441666666666659, -11.841666666666661 ], [ 19.441666666666659, -11.85 ], [ 19.433333333333326, -11.85 ], [ 19.433333333333326, -11.858333333333329 ], [ 19.425, -11.858333333333329 ], [ 19.425, -11.866666666666662 ], [ 19.433333333333326, -11.866666666666662 ], [ 19.433333333333326, -11.875 ], [ 19.441666666666659, -11.875 ], [ 19.441666666666659, -11.883333333333329 ], [ 19.433333333333326, -11.883333333333329 ], [ 19.433333333333326, -11.908333333333328 ], [ 19.49166666666666, -11.908333333333328 ], [ 19.49166666666666, -11.9 ], [ 19.5, -11.9 ], [ 19.5, -11.908333333333328 ], [ 19.508333333333326, -11.908333333333328 ], [ 19.508333333333326, -11.9 ], [ 19.516666666666659, -11.9 ], [ 19.516666666666659, -11.891666666666662 ], [ 19.533333333333328, -11.891666666666662 ], [ 19.533333333333328, -11.883333333333329 ], [ 19.55, -11.883333333333329 ], [ 19.55, -11.875 ], [ 19.566666666666659, -11.875 ], [ 19.566666666666659, -11.866666666666662 ], [ 19.583333333333325, -11.866666666666662 ], [ 19.583333333333325, -11.858333333333329 ], [ 19.6, -11.858333333333329 ], [ 19.6, -11.841666666666661 ], [ 19.608333333333327, -11.841666666666661 ], [ 19.608333333333327, -11.825 ], [ 19.61666666666666, -11.825 ], [ 19.61666666666666, -11.816666666666663 ], [ 19.625, -11.816666666666663 ], [ 19.625, -11.808333333333328 ], [ 19.641666666666659, -11.808333333333328 ], [ 19.641666666666659, -11.775 ], [ 19.65, -11.775 ], [ 19.65, -11.766666666666662 ], [ 19.675, -11.766666666666662 ], [ 19.675, -11.75 ], [ 19.633333333333326, -11.75 ], [ 19.633333333333326, -11.741666666666662 ], [ 19.61666666666666, -11.741666666666662 ], [ 19.61666666666666, -11.733333333333329 ], [ 19.6, -11.733333333333329 ], [ 19.6, -11.725 ], [ 19.575, -11.725 ], [ 19.575, -11.716666666666661 ], [ 19.566666666666659, -11.716666666666661 ], [ 19.566666666666659, -11.708333333333329 ], [ 19.583333333333325, -11.708333333333329 ], [ 19.583333333333325, -11.7 ], [ 19.608333333333327, -11.7 ], [ 19.608333333333327, -11.691666666666663 ], [ 19.61666666666666, -11.691666666666663 ], [ 19.61666666666666, -11.683333333333328 ], [ 19.6, -11.683333333333328 ] ], [ [ 20.683333333333326, -11.491666666666662 ], [ 20.675, -11.491666666666662 ], [ 20.675, -11.5 ], [ 20.683333333333326, -11.5 ], [ 20.683333333333326, -11.491666666666662 ] ], [ [ 19.6, -12.166666666666663 ], [ 19.6, -12.175 ], [ 19.608333333333327, -12.175 ], [ 19.608333333333327, -12.166666666666663 ], [ 19.61666666666666, -12.166666666666663 ], [ 19.61666666666666, -12.15 ], [ 19.625, -12.15 ], [ 19.625, -12.133333333333329 ], [ 19.61666666666666, -12.133333333333329 ], [ 19.61666666666666, -12.116666666666662 ], [ 19.608333333333327, -12.116666666666662 ], [ 19.608333333333327, -12.125 ], [ 19.6, -12.125 ], [ 19.6, -12.133333333333329 ], [ 19.591666666666661, -12.133333333333329 ], [ 19.591666666666661, -12.166666666666663 ], [ 19.6, -12.166666666666663 ] ], [ [ 19.625, -11.683333333333328 ], [ 19.625, -11.666666666666663 ], [ 19.61666666666666, -11.666666666666663 ], [ 19.61666666666666, -11.683333333333328 ], [ 19.625, -11.683333333333328 ] ], [ [ 20.408333333333328, -11.333333333333329 ], [ 20.4, -11.333333333333329 ], [ 20.4, -11.341666666666661 ], [ 20.391666666666659, -11.341666666666661 ], [ 20.391666666666659, -11.35 ], [ 20.433333333333326, -11.35 ], [ 20.433333333333326, -11.341666666666661 ], [ 20.425, -11.341666666666661 ], [ 20.425, -11.333333333333329 ], [ 20.416666666666661, -11.333333333333329 ], [ 20.416666666666661, -11.325 ], [ 20.408333333333328, -11.325 ], [ 20.408333333333328, -11.333333333333329 ] ], [ [ 20.483333333333327, -11.383333333333329 ], [ 20.49166666666666, -11.383333333333329 ], [ 20.49166666666666, -11.375 ], [ 20.483333333333327, -11.375 ], [ 20.483333333333327, -11.383333333333329 ] ], [ [ 19.825, -11.391666666666662 ], [ 19.791666666666661, -11.391666666666662 ], [ 19.791666666666661, -11.4 ], [ 19.775, -11.4 ], [ 19.775, -11.40833333333333 ], [ 19.783333333333328, -11.40833333333333 ], [ 19.783333333333328, -11.416666666666663 ], [ 19.766666666666659, -11.416666666666663 ], [ 19.766666666666659, -11.458333333333329 ], [ 19.775, -11.458333333333329 ], [ 19.775, -11.466666666666661 ], [ 19.783333333333328, -11.466666666666661 ], [ 19.783333333333328, -11.475 ], [ 19.8, -11.475 ], [ 19.8, -11.466666666666661 ], [ 19.808333333333326, -11.466666666666661 ], [ 19.808333333333326, -11.458333333333329 ], [ 19.825, -11.458333333333329 ], [ 19.825, -11.45 ], [ 19.833333333333325, -11.45 ], [ 19.833333333333325, -11.441666666666663 ], [ 19.841666666666661, -11.441666666666663 ], [ 19.841666666666661, -11.391666666666662 ], [ 19.833333333333325, -11.391666666666662 ], [ 19.833333333333325, -11.383333333333329 ], [ 19.825, -11.383333333333329 ], [ 19.825, -11.391666666666662 ] ], [ [ 20.65, -11.483333333333329 ], [ 20.658333333333328, -11.483333333333329 ], [ 20.658333333333328, -11.475 ], [ 20.65, -11.475 ], [ 20.65, -11.483333333333329 ] ], [ [ 19.691666666666659, -11.516666666666662 ], [ 19.7, -11.516666666666662 ], [ 19.7, -11.508333333333329 ], [ 19.691666666666659, -11.508333333333329 ], [ 19.691666666666659, -11.516666666666662 ] ], [ [ 20.666666666666661, -11.575 ], [ 20.675, -11.575 ], [ 20.675, -11.566666666666663 ], [ 20.666666666666661, -11.566666666666663 ], [ 20.666666666666661, -11.575 ] ], [ [ 19.683333333333326, -11.641666666666662 ], [ 19.675, -11.641666666666662 ], [ 19.675, -11.65 ], [ 19.666666666666661, -11.65 ], [ 19.666666666666661, -11.65833333333333 ], [ 19.7, -11.65833333333333 ], [ 19.7, -11.65 ], [ 19.708333333333325, -11.65 ], [ 19.708333333333325, -11.641666666666662 ], [ 19.7, -11.641666666666662 ], [ 19.7, -11.625 ], [ 19.683333333333326, -11.625 ], [ 19.683333333333326, -11.641666666666662 ] ], [ [ 19.591666666666661, -11.716666666666661 ], [ 19.6, -11.716666666666661 ], [ 19.6, -11.708333333333329 ], [ 19.591666666666661, -11.708333333333329 ], [ 19.591666666666661, -11.716666666666661 ] ], [ [ 20.475, -11.716666666666661 ], [ 20.483333333333327, -11.716666666666661 ], [ 20.483333333333327, -11.708333333333329 ], [ 20.475, -11.708333333333329 ], [ 20.475, -11.716666666666661 ] ], [ [ 20.516666666666659, -11.716666666666661 ], [ 20.533333333333328, -11.716666666666661 ], [ 20.533333333333328, -11.708333333333329 ], [ 20.516666666666659, -11.708333333333329 ], [ 20.516666666666659, -11.716666666666661 ] ], [ [ 19.725, -11.75 ], [ 19.725, -11.741666666666662 ], [ 19.733333333333327, -11.741666666666662 ], [ 19.733333333333327, -11.733333333333329 ], [ 19.716666666666661, -11.733333333333329 ], [ 19.716666666666661, -11.725 ], [ 19.708333333333325, -11.725 ], [ 19.708333333333325, -11.733333333333329 ], [ 19.7, -11.733333333333329 ], [ 19.7, -11.75 ], [ 19.725, -11.75 ] ], [ [ 19.691666666666659, -11.75 ], [ 19.691666666666659, -11.758333333333329 ], [ 19.7, -11.758333333333329 ], [ 19.7, -11.75 ], [ 19.691666666666659, -11.75 ] ], [ [ 20.516666666666659, -11.758333333333329 ], [ 20.5, -11.758333333333329 ], [ 20.5, -11.766666666666662 ], [ 20.49166666666666, -11.766666666666662 ], [ 20.49166666666666, -11.783333333333328 ], [ 20.55, -11.783333333333328 ], [ 20.55, -11.758333333333329 ], [ 20.541666666666661, -11.758333333333329 ], [ 20.541666666666661, -11.75 ], [ 20.516666666666659, -11.75 ], [ 20.516666666666659, -11.758333333333329 ] ], [ [ 20.258333333333326, -11.85 ], [ 20.258333333333326, -11.858333333333329 ], [ 20.291666666666661, -11.858333333333329 ], [ 20.291666666666661, -11.866666666666662 ], [ 20.316666666666659, -11.866666666666662 ], [ 20.316666666666659, -11.875 ], [ 20.35, -11.875 ], [ 20.35, -11.858333333333329 ], [ 20.325, -11.858333333333329 ], [ 20.325, -11.85 ], [ 20.316666666666659, -11.85 ], [ 20.316666666666659, -11.841666666666661 ], [ 20.308333333333326, -11.841666666666661 ], [ 20.308333333333326, -11.833333333333329 ], [ 20.3, -11.833333333333329 ], [ 20.3, -11.825 ], [ 20.275, -11.825 ], [ 20.275, -11.833333333333329 ], [ 20.266666666666659, -11.833333333333329 ], [ 20.266666666666659, -11.841666666666661 ], [ 20.24166666666666, -11.841666666666661 ], [ 20.24166666666666, -11.85 ], [ 20.258333333333326, -11.85 ] ], [ [ 20.233333333333327, -11.85 ], [ 20.233333333333327, -11.858333333333329 ], [ 20.24166666666666, -11.858333333333329 ], [ 20.24166666666666, -11.85 ], [ 20.233333333333327, -11.85 ] ], [ [ 20.425, -11.841666666666661 ], [ 20.433333333333326, -11.841666666666661 ], [ 20.433333333333326, -11.833333333333329 ], [ 20.425, -11.833333333333329 ], [ 20.425, -11.841666666666661 ] ], [ [ 20.391666666666659, -11.941666666666663 ], [ 20.383333333333326, -11.941666666666663 ], [ 20.383333333333326, -11.975 ], [ 20.36666666666666, -11.975 ], [ 20.36666666666666, -11.983333333333329 ], [ 20.358333333333327, -11.983333333333329 ], [ 20.358333333333327, -11.991666666666662 ], [ 20.333333333333325, -11.991666666666662 ], [ 20.333333333333325, -12.0 ], [ 20.325, -12.0 ], [ 20.325, -12.008333333333329 ], [ 20.3, -12.008333333333329 ], [ 20.3, -12.016666666666662 ], [ 20.308333333333326, -12.016666666666662 ], [ 20.308333333333326, -12.05 ], [ 20.3, -12.05 ], [ 20.3, -12.058333333333328 ], [ 20.291666666666661, -12.058333333333328 ], [ 20.291666666666661, -12.066666666666663 ], [ 20.308333333333326, -12.066666666666663 ], [ 20.308333333333326, -12.058333333333328 ], [ 20.325, -12.058333333333328 ], [ 20.325, -12.05 ], [ 20.341666666666661, -12.05 ], [ 20.341666666666661, -12.033333333333328 ], [ 20.375, -12.033333333333328 ], [ 20.375, -12.025 ], [ 20.391666666666659, -12.025 ], [ 20.391666666666659, -12.016666666666662 ], [ 20.408333333333328, -12.016666666666662 ], [ 20.408333333333328, -12.008333333333329 ], [ 20.416666666666661, -12.008333333333329 ], [ 20.416666666666661, -12.016666666666662 ], [ 20.425, -12.016666666666662 ], [ 20.425, -12.008333333333329 ], [ 20.433333333333326, -12.008333333333329 ], [ 20.433333333333326, -11.975 ], [ 20.425, -11.975 ], [ 20.425, -11.941666666666663 ], [ 20.408333333333328, -11.941666666666663 ], [ 20.408333333333328, -11.933333333333328 ], [ 20.391666666666659, -11.933333333333328 ], [ 20.391666666666659, -11.941666666666663 ] ], [ [ 19.3, -11.95 ], [ 19.308333333333326, -11.95 ], [ 19.308333333333326, -11.941666666666663 ], [ 19.3, -11.941666666666663 ], [ 19.3, -11.95 ] ], [ [ 19.216666666666661, -11.958333333333329 ], [ 19.233333333333327, -11.958333333333329 ], [ 19.233333333333327, -11.95 ], [ 19.216666666666661, -11.95 ], [ 19.216666666666661, -11.958333333333329 ] ], [ [ 19.408333333333328, -11.966666666666661 ], [ 19.458333333333325, -11.966666666666661 ], [ 19.458333333333325, -11.958333333333329 ], [ 19.433333333333326, -11.958333333333329 ], [ 19.433333333333326, -11.95 ], [ 19.408333333333328, -11.95 ], [ 19.408333333333328, -11.966666666666661 ] ], [ [ 19.3, -11.975 ], [ 19.308333333333326, -11.975 ], [ 19.308333333333326, -11.966666666666661 ], [ 19.3, -11.966666666666661 ], [ 19.3, -11.975 ] ], [ [ 19.516666666666659, -12.008333333333329 ], [ 19.525, -12.008333333333329 ], [ 19.525, -12.0 ], [ 19.516666666666659, -12.0 ], [ 19.516666666666659, -12.008333333333329 ] ], [ [ 19.558333333333326, -12.041666666666663 ], [ 19.566666666666659, -12.041666666666663 ], [ 19.566666666666659, -12.05 ], [ 19.575, -12.05 ], [ 19.575, -12.025 ], [ 19.558333333333326, -12.025 ], [ 19.558333333333326, -12.041666666666663 ] ], [ [ 19.733333333333327, -12.1 ], [ 19.733333333333327, -12.091666666666661 ], [ 19.725, -12.091666666666661 ], [ 19.725, -12.083333333333329 ], [ 19.716666666666661, -12.083333333333329 ], [ 19.716666666666661, -12.1 ], [ 19.733333333333327, -12.1 ] ], [ [ 19.708333333333325, -12.1 ], [ 19.708333333333325, -12.108333333333329 ], [ 19.716666666666661, -12.108333333333329 ], [ 19.716666666666661, -12.1 ], [ 19.708333333333325, -12.1 ] ], [ [ 20.108333333333327, -12.1 ], [ 20.11666666666666, -12.1 ], [ 20.11666666666666, -12.091666666666661 ], [ 20.108333333333327, -12.091666666666661 ], [ 20.108333333333327, -12.1 ] ], [ [ 20.4, -12.133333333333329 ], [ 20.4, -12.125 ], [ 20.391666666666659, -12.125 ], [ 20.391666666666659, -12.133333333333329 ], [ 20.4, -12.133333333333329 ] ], [ [ 20.36666666666666, -12.133333333333329 ], [ 20.36666666666666, -12.141666666666662 ], [ 20.391666666666659, -12.141666666666662 ], [ 20.391666666666659, -12.133333333333329 ], [ 20.36666666666666, -12.133333333333329 ] ], [ [ 20.35, -12.141666666666662 ], [ 20.35, -12.15 ], [ 20.36666666666666, -12.15 ], [ 20.36666666666666, -12.141666666666662 ], [ 20.35, -12.141666666666662 ] ], [ [ 19.758333333333326, -12.15 ], [ 19.766666666666659, -12.15 ], [ 19.766666666666659, -12.141666666666662 ], [ 19.775, -12.141666666666662 ], [ 19.775, -12.133333333333329 ], [ 19.758333333333326, -12.133333333333329 ], [ 19.758333333333326, -12.15 ] ], [ [ 19.658333333333328, -12.158333333333328 ], [ 19.65, -12.158333333333328 ], [ 19.65, -12.166666666666663 ], [ 19.633333333333326, -12.166666666666663 ], [ 19.633333333333326, -12.175 ], [ 19.625, -12.175 ], [ 19.625, -12.183333333333328 ], [ 19.65, -12.183333333333328 ], [ 19.65, -12.175 ], [ 19.658333333333328, -12.175 ], [ 19.658333333333328, -12.166666666666663 ], [ 19.666666666666661, -12.166666666666663 ], [ 19.666666666666661, -12.15 ], [ 19.658333333333328, -12.15 ], [ 19.658333333333328, -12.158333333333328 ] ], [ [ 19.691666666666659, -12.191666666666663 ], [ 19.683333333333326, -12.191666666666663 ], [ 19.683333333333326, -12.2 ], [ 19.675, -12.2 ], [ 19.675, -12.208333333333329 ], [ 19.666666666666661, -12.208333333333329 ], [ 19.666666666666661, -12.233333333333329 ], [ 19.675, -12.233333333333329 ], [ 19.675, -12.241666666666662 ], [ 19.691666666666659, -12.241666666666662 ], [ 19.691666666666659, -12.233333333333329 ], [ 19.7, -12.233333333333329 ], [ 19.7, -12.225 ], [ 19.708333333333325, -12.225 ], [ 19.708333333333325, -12.216666666666661 ], [ 19.716666666666661, -12.216666666666661 ], [ 19.716666666666661, -12.208333333333329 ], [ 19.725, -12.208333333333329 ], [ 19.725, -12.191666666666663 ], [ 19.716666666666661, -12.191666666666663 ], [ 19.716666666666661, -12.183333333333328 ], [ 19.691666666666659, -12.183333333333328 ], [ 19.691666666666659, -12.191666666666663 ] ], [ [ 19.825, -12.191666666666663 ], [ 19.825, -12.183333333333328 ], [ 19.816666666666659, -12.183333333333328 ], [ 19.816666666666659, -12.191666666666663 ], [ 19.825, -12.191666666666663 ] ], [ [ 19.808333333333326, -12.191666666666663 ], [ 19.808333333333326, -12.2 ], [ 19.8, -12.2 ], [ 19.8, -12.216666666666661 ], [ 19.783333333333328, -12.216666666666661 ], [ 19.783333333333328, -12.225 ], [ 19.791666666666661, -12.225 ], [ 19.791666666666661, -12.25 ], [ 19.8, -12.25 ], [ 19.8, -12.233333333333329 ], [ 19.808333333333326, -12.233333333333329 ], [ 19.808333333333326, -12.216666666666661 ], [ 19.816666666666659, -12.216666666666661 ], [ 19.816666666666659, -12.191666666666663 ], [ 19.808333333333326, -12.191666666666663 ] ], [ [ 19.766666666666659, -12.266666666666662 ], [ 19.783333333333328, -12.266666666666662 ], [ 19.783333333333328, -12.258333333333329 ], [ 19.775, -12.258333333333329 ], [ 19.775, -12.25 ], [ 19.766666666666659, -12.25 ], [ 19.766666666666659, -12.266666666666662 ] ], [ [ 20.308333333333326, -12.275 ], [ 20.316666666666659, -12.275 ], [ 20.316666666666659, -12.266666666666662 ], [ 20.308333333333326, -12.266666666666662 ], [ 20.308333333333326, -12.275 ] ], [ [ 19.75, -12.291666666666663 ], [ 19.758333333333326, -12.291666666666663 ], [ 19.758333333333326, -12.283333333333328 ], [ 19.75, -12.283333333333328 ], [ 19.75, -12.291666666666663 ] ], [ [ 19.775, -12.291666666666663 ], [ 19.783333333333328, -12.291666666666663 ], [ 19.783333333333328, -12.283333333333328 ], [ 19.775, -12.283333333333328 ], [ 19.775, -12.291666666666663 ] ] ] ] } }
]
}
